Name,Name PGP
‘Alī ibn al-‘Abbās al-Majūsī,‘Alī ibn al-‘Abbās al-Majūsī
[...] b. Abū l-Faḍl b. Abū l-ʿIzz al-Šarrābī,[...] b. Abū l-Faḍl b. Abū l-ʿIzz al-Sharrābī
[...] b. Abū l-Faraj,[...] b. Abū l-Faraj
[...] b. Daʾūd b. [...],[...] b. Daʾūd b. [...]
[…] b. Ibrahim ha-Kohen,[…] b. Ibrahim ha-Kohen
[...] b. Jacob,[...] b. Yaʿaqov
[...] b. Joseph,[...] b. Yosef
[…] b. Mešullam,[…] b. Meshullam
[...] b. Moses,[...] b. Moshe
[...] b. Nathan,[...] b. Natan
[…] b. Sulaymān,[…] b. Sulaymān
[…] b. Yiftaḥ ha-Kohen,[…] b. Yiftaḥ ha-Kohen
[…] bat Hillel,[…] bat Hillel
[…] Ibn Mūsā,[…] Ibn Mūsā
[...] Levi [...],[...] Levi [...]
[...]n b. Elijah ha-Kohen,[...]n b. Eliyyahu ha-Kohen
[b.?] Joseph ha-Kohen [...] he-Ḥaver,[b.?] Yosef ha-Kohen [...] he-Ḥaver
1381-1383 CE,1381-1383 CE
Aaron b. Ašer,Aharon b. Asher
Aaron b. Asher,Aharon b. Asher
Aaron b. Jacob,Aharon b. Yaʿaqov
Aaron ha-Kohen,Aharon ha-Kohen
Aaron ha-Kohen b. Namr,Aharon ha-Kohen b. Namr
Aaron ha-Mūmḥe b. Ephraim (cantor),Aharon ha-Mūmḥe b. Efrayim (cantor)
Abiathar ha-Kohen,Evyatar ha-Kohen
Abraham,Avraham
Abraham (muqaddam of Malīj),Avraham (muqaddam of Malīj)
Abraham al-Dimašqī the teacher b. Jethro,Avraham al-Dimashqī the teacher b. Jethro
Abraham b. Abū Joseph,Avraham b. Abū Yosef
Abraham b. Benjamin the teacher,Avraham b.Binyamin the teacher
Abraham b. David b. Suḡmār,Avraham b. David b. Sughmār
Abraham b. David b. Suḡmār Ibn Labrāṭ.,Avraham b. David b. Sughmār Ibn Labrāṭ.
Abraham b. Elʿazar (doctor),Avraham b. Elʿazar (doctor)
Abraham b. Ezra,Avraham b. ʿEzra
Abraham b. Farraḥ,Avraham b. Farraḥ
Abraham b. Farrāḥ,Avraham b. Farrāḥ
Abraham b. Ḥabīb,Avraham b. Ḥabīb
Abraham b. Ḥalfon b. Naḥum,Avraham b. Ḥalfon b. Naḥum
Abraham b. Hillel,Avraham b. Hillel
Abraham b. Isaac,Avraham b. Yiṣḥaq
Abraham b. Isaac al-Andalūsī,Avraham b. Yiṣḥaq al-Andalūsī
Abraham b. Isaac Alluf (Av Bet Din),Avraham b. Yiṣḥaq Alluf (Av Bet Din)
Abraham b. Isaac Ibn al-Zūlāfī,Avraham b. Yiṣḥaq Ibn al-Zūlāfī
Abraham b. Jacob,Avraham b. Yaʿaqov
Abraham b. Jacob al-Darʿi,Avraham b. Yaʿaqov al-Darʿi
Abraham b. Jethro,Avraham b. Jethro
Abraham b. Ḵalfa,Avraham b. Khalfa
Abraham b. Maimonides,Avraham b. Maimonides
Abraham b. Michael,Avraham b. Mikha’el
Abraham b. Miṣbāḥ,Avraham b. Miṣbāḥ
Abraham b. Muʿṭī,Avraham b. Muʿṭī
Abraham b. Nathan,Avraham b. Natan
Abraham b. Nathan Av,Avraham b. Natan Av
Abraham b. Šabbetay,Avraham b. Shabbetay
Abraham b. Šabbetay (judge),Avraham b. Shabbetay (judge)
Abraham b. Samuel b. Hošaʿna the Third,Avraham b. Shemuʾel b. Hoshaʿna the Third
Abraham b. Saʿadya,Avraham b. Saʿadya
Abraham b. Saʿadya he-Ḥaver,Avraham b. Saʿadya he-Ḥaver
Abraham b. Saʿadya he-Ḥaver ha-Ḥebroni,Avraham b. Saʿadya he-Ḥaver ha-Ḥebroni
Abraham b. Saʿadya he-Ḥaver he-Ḥevroni,Avraham b. Saʿadya he-Ḥaver he-Ḥevroni
Abraham b. Saʿadya he-Ḥebroni,Avraham b. Saʿadya he-Ḥebroni
"Abraham b. Šemaʿya he-Ḥaver, descendant of Šemaʿya Gaʾon","Avraham b. Shemaʿya he-Ḥaver, descendant of Shemaʿya Gaʾon"
Abraham b. Solomon,Avraham b. Shelomo
Abraham b. Solomon b. Judah,Avraham b. Shelomo b. Yehuda
Abraham b. Solomon the Yemenite,Avraham b. Shelomo the Yemenite
Abraham b. Ṭahor,Avraham b. Ṭahor
Abraham b. Yijū,Avraham b. Yijū
Abraham b. ʿAnzar,Avraham b. ʿAnzar
Abraham Farsanī,Avraham Farsanī
Abraham Gabriel,Avraham Gabriel
Abraham ha-Kohen b. Isaac ibn Furāt,Avraham ha-Kohen b. Yiṣḥaq ibn Furāt
Abraham he-Ḥaver b. Šabbetay,Avraham he-Ḥaver b. Shabbetay
Abraham Ibn al-Muqaddasī,Avraham Ibn al-Maqdisī
Abraham ibn Ezra,Avraham ibn ʿEzra
Abraham Ibn Yijū,Avraham Ibn Yijū
Abraham Ibn ʿEzra,Avraham Ibn ʿEzra
Abraham III b. Nathan II,Avraham III b. Natan II
Abraham Kohen,Avraham Kohen
Abraham Kohen Šolel,Avraham Kohen Sholel
Abraham Maimonides,Avraham Maimonides
Abraham Maimonides (b. Moses Maimonides),Avraham Maimonides (b. Moshe Maimonides)
Abraham Masʿūd,Avraham Masʿūd
Abraham Monsun,Avraham Monsun
Abraham Palieche,Avraham Palieche
Abraham Sagis,Avraham Sagis
Abraham Sagis (סאגיש),Avraham Sagis (סאגיש)
Abraham Šaul,Avraham Shaul
Abraham Ṣiqillī,Avraham Ṣiqillī
Abraham Šolel,Avraham Sholel
Abraham Vilon,Avraham Vilon
Abraham Zacut,Avraham Zacut
Abraham המאן,Avraham המאן
"Abraham, mother of","Avraham, mother of"
Abū [...],Abū [...]
Abū Ḥayya the teacher,Abū Ḥayya the teacher
Abū Isḥāq,Abū Isḥāq
Abū Isḥāq b. Ṭībān,Abū Isḥāq b. Ṭībān
Abū l-Barakāt,Abū l-Barakāt
Abū l-Barakāt (uncle of Solomon b. Elijah’s wife),Abū l-Barakāt (uncle of Shelomo b. Eliyyahu’s wife)
Abū l-Barakāt b. Ṭayyib,Abū l-Barakāt b. Ṭayyib
Abū l-Barakāt Ibn al-‘Aṭṭār,Abū l-Barakāt Ibn al-‘Aṭṭār
Abū l-Bayān,Abū l-Bayān
Abū l-Faḍl b. Abū Naṣr,Abū l-Faḍl b. Abū Naṣr
Abū l-Faḍl b. Jacob,Abū l-Faḍl b. Yaʿaqov
Abū l-Faḍl b. Sahl,Abū l-Faḍl b. Sahl
Abū l-Faḍl Ibn al-Ahuv,Abū l-Faḍl Ibn al-Ahuv
"Abū l-Faḍl, brother-in-law of Elijah the judge","Abū l-Faḍl, brother-in-law of Eliyyahu the judge"
Abū l-Faraj,Abū l-Faraj
Abū l-Faraj al-Ḥaver,Abū l-Faraj al-Ḥaver
Abū l-Faraj b. Abū ʿAlā b. Daniel,Abū l-Faraj b. Abū ʿAlā b. Dani’el
Abū l-Faraj b. Hillel,Abū l-Faraj b. Hillel
Abū l-Faraj b. Ḵalaf,Abū l-Faraj b. Khalaf
Abū l-Faraj b. Mubārak,Abū l-Faraj b. Mubārak
Abū l-Faraj b. Qasāsa,Abū l-Faraj b. Qasāsa
Abū l-Faraj Hārūn,Abū l-Faraj Hārūn
Abū l-Hasan,Abū l-Hasan
Abū l-Ḥasan,Abū l-Ḥasan
Abū l-Ḥasan al-Dimašqī,Abū l-Ḥasan al-Dimashqī
Abū l-Ḥasan b. Ibrahim,Abū l-Ḥasan b. Ibrahim
Abū l-Ḥasan b. Maḵlūq,Abū l-Ḥasan b. Makhlūq
Abū l-Ḥasan Judah,Abū l-Ḥasan Yehuda
"Abū l-Ḥasan ʿEli b. Hilāl the cantor al-Baḡdādī, sister of (possibly wife of Ḥalfon b. Manasseh)","Abū l-Ḥasan ʿEli b. Hilāl the cantor al-Baghdādī, sister of (possibly wife of Ḥalfon b. Menashshe)"
Abū l-Ḥay b. Ṣāliḥ al-Ṣabbāḡ,Abū l-Ḥay b. Ṣāliḥ al-Ṣabbāgh
Abū l-Ḥay the teacher b. Abraham,Abū l-Ḥay the teacher b. Avraham
Abū l-Ḥayy b. Barhūn Ḵalīla (Ismāʿīl Tahertī),Abū l-Ḥayy b. Barhūn Khalīla (Ismāʿīl Tahertī)
Abū l-Ḥujāj b. Abū l-Faraj,Abū l-Ḥujāj b. Abū l-Faraj
Abū l-Ḥusayn,Abū l-Ḥusayn
Abū l-Ḵayr,Abū l-Khayr
Abū l-Maḥāsin,Abū l-Maḥāsin
Abū l-Maḥāsin b. Abū Naṣr al-Ḥasīd,Abū l-Maḥāsin b. Abū Naṣr al-Ḥasīd
Abū l-Maḥāsin b. ʿAlī (trader),Abū l-Maḥāsin b. ʿAlī (trader)
"Abū l-Maḥāsin, mother of","Abū l-Maḥāsin, mother of"
Abū l-Majd,Abū l-Majd
Abū l-Majd (cantor),Abū l-Majd (cantor)
Abū l-Majd b. Abū l-Faraj,Abū l-Majd b. Abū l-Faraj
Abū l-Majd b. Ṯābit (Abū l-Majd Meʾir b. Yaḵin),Abū l-Majd b. Thābit (Abū l-Majd Meʾir b. Yakhin)
Abū l-Majd the cantor,Abū l-Majd the cantor
Abū l-Manṣūr,Abū l-Manṣūr
Abū l-Manṣūr b. Abū l-Faraj,Abū l-Manṣūr b. Abū l-Faraj
Abū l-Manṣūr b. Ṭāhir al-Kohen,Abū l-Manṣūr b. Ṭāhir al-Kohen
Abū l-Maʿālī,Abū l-Maʿālī
Abū l-Maʿānī,Abū l-Maʿānī
Abū l-Najm,Abū l-Najm
Abū l-Qasam,Abū l-Qasam
Abū l-Qāsim Ḵalaf b.ʿAbbās al-Zahrāwī,Abū l-Qāsim Khalaf b.ʿAbbās al-Zahrāwī
Abū l-Rabīʿ Solomon,Abū l-Rabīʿ Shelomo
Abū l-Riḍā,Abū l-Riḍā
Abū l-Riḍā b. Faraj,Abū l-Riḍā b. Faraj
Abū l-Riḍā ha-Kohen,Abū l-Riḍā ha-Kohen
Abū l-Saʿd ‘Head of the Congregations’,Abū l-Saʿd ‘Head of the Congregations’
Abū l-Surūr,Abū l-Surūr
Abū l-Surūr ‘Head of the Congregations’,Abū l-Surūr ‘Head of the Congregations’
Abū l-Surūr b. Ṭarīf,Abū l-Surūr b. Ṭarīf
Abū l-Surūr Qaṭāʾif,Abū l-Surūr Qaṭāʾif
Abū l-Ṯanā,Abū l-Thanā
Abū l-ʿAlā,Abū l-ʿAlā
Abū l-ʿAlā al-Kohen,Abū l-ʿAlā al-Kohen
Abū l-ʿIzz b. Abū l-Munā,Abū l-ʿIzz b. Abū l-Munā
Abū l-ʿIzz b. Abū ʿUmar,Abū l-ʿIzz b. Abū ʿUmar
Abū Manṣūr b. Abū Saʿd,Abū Manṣūr b. Abū Saʿd
Abū Maymūn Yaʿqūb,Abū Maymūn Yaʿqūb
Abū Maʿālī ibn Tammām,Abū Maʿālī ibn Tammām
Abū Mūsā,Abū Mūsā
Abū Musallam,Abū Musallam
Abū Naṣr b. Abraham,Abū Naṣr b. Avraham
"Abū Naṣr, son of the doctor","Abū Naṣr, son of the doctor"
Abū Niʿma,Abū Niʿma
Abū Riḍā,Abū Riḍā
"Abū Sarī, widow of","Abū Sarī, widow of"
Abū Saʿd,Abū Saʿd
Abū Saʿd al-Maḡribī,Abū Saʿd al-Maghribī
Abū Saʿīd,Abū Saʿīd
Abū Saʿīd b. [...],Abū Saʿīd b. [...]
Abū Saʿīd b. Abū l-Ḥasan al-Abzārī,Abū Saʿīd b. Abū l-Ḥasan al-Abzārī
Abū Saʿīd Ibn al-[...],Abū Saʿīd Ibn al-[...]
Abū Surūr,Abū Surūr
Abū Yaʿqūb Joseph b. Abraham al-Baṣīr,Abū Yaʿqūb Yosef b. Avraham al-Baṣīr
Abū Yaʿqūb the teacher,Abū Yaʿqūb the teacher
Abū Zikrī,Abū Zikrī
Abū Zikrī b. Abū l-Faraj,Abū Zikrī b. Abū l-Faraj
Abū Zikrī b. Abū l-Riḍā,Abū Zikrī b. Abū l-Riḍā
Abū Zikrī b. Ḥananel,Abū Zikrī b. Ḥananel
Abū Zikrī Kohen,Abū Zikrī Kohen
Abū Zikrī Kohl,Abū Zikrī Kohl
Abū Zikrī the physician in Jerusalem,Abū Zikrī the physician in Jerusalem
Abū ʿAl [...] Ibn al-Damyāṭī,Abū ʿAl [...] Ibn al-Damyāṭī
Abū ʿAlī,Abū ʿAlī
Abū ʿAlī b. Abū l-Mānī,Abū ʿAlī b. Abū l-Mānī
Abū ʿAlī b. Abū Sahl Ibn Qaṭāʾif,Abū ʿAlī b. Abū Sahl Ibn Qaṭāʾif
Abū ʿAlī b. Barakāt,Abū ʿAlī b. Barakāt
Abū ʿAlī Ḥasan b. ʿImrān,Abū ʿAlī Ḥasan b. ʿImrān
Abū ʿEli b. ʿImrān,Abū ʿEli b. ʿImrān
Abū ʿUmar,Abū ʿUmar
Abū ʿUmar b. Abū l-Riḍā,Abū ʿUmar b. Abū l-Riḍā
al-Ḏahabī,al-Dhahabī
Al-Dimašqī,al-Dimashqī
al-Farrābī,al-Farrābī
al-Ḥarizi,al-Ḥarizi
al-Ḥarīzī (?),al-Ḥarīzī (?)
Al-Kindī,Al-Kindī
Al-Majūsī,al-Majūsī
Al-Rašīd,al-Rashīd
al-Rāzī,al-Rāzī
al-Ṭabarī,al-Ṭabarī
al-Zahrāwī,al-Zahrāwī
al-ʿAsqalānī,al-ʿAsqalānī
Alī ibn ʿĪsā,Alī ibn ʿĪsā
Āmid b. Ibrahīm b. Abū Ḵalīd,Āmid b. Ibrahīm b. Abū Khalīd
Amīn al-Dawla Abū al-Ḥasan Hibat Allāh ibn Saʿīd (known as al-Tilmīḏ),Amīn al-Dawla Abū al-Ḥasan Hibat Allāh ibn Saʿīd (known as al-Tilmīdh)
Aquila,Aquila
Araḥ b. Nathan,Araḥ b. Natan
Aristotle,Aristotle
Asad,Asad
Ašer b. Yeḥiʾel,Asher b. Yeḥiʾel
Asher the proselyte,Asher the proselyte
Athanasius of Alexandria,Athanasius of Alexandria
Avicenna,Avicenna
Avicenna (Ibn Sīnā),Avicenna (Ibn Sīnā)
Avon b. Ṣedaqa,Avon b. Ṣedaqa
Avon b. Ṣedaqa al-Maḡribī,Avon b. Ṣedaqa al-Maghribī
Badr al-Dīn Muẓaffar,Badr al-Dīn Muẓaffar
Baebius Italicus,Baebius Italicus
Bahya b. Ašer,Bahya b. Asher
Baḥya Ibn Paquda,Baḥya Ibn Paquda
Baḥya ibn Paqūdah,Baḥya ibn Paqūdah
Baqā (cantor),Baqā (cantor)
Barakāt,Barakāt
Barakāt al-Kohen,Barakāt al-Kohen
Barakāt b. [...],Barakāt b. [...]
Barakāt b. Hibatullah al-Jaʿfarī,Barakāt b. Hibatullah al-Jaʿfarī
Barakāt the teacher,Barakāt the teacher
Barhūn b. Isaac,Barhūn b. Yiṣḥaq
Barhūn b. Isaac Taherti,Barhūn b. Yiṣḥaq Taherti
Barhūn b. Isaac Tahertī,Barhūn b. Yiṣḥaq Tahertī
Barhun b. Mūsā,Barhun b. Mūsā
Barhūn b. Mūsā,Barhūn b. Mūsā
Barhūn b. Mūsā b. Barhūn,Barhūn b. Mūsā b. Barhūn
Barhūn b. Mūsā Taherti,Barhūn b. Mūsā Taherti
Barhūn b. Mūsā Tahertī,Barhūn b. Mūsā Tahertī
Barhūn b. Mūsā Tahirtī,Barhūn b. Mūsā Tahirtī
Barhūn b. Ṣāliḥ Taherti,Barhūn b. Ṣāliḥ Taherti
Barhūn Levi b. Isḥāq,Barhūn Levi b. Isḥāq
Baruḵ b. Isaac,Barukh b. Yiṣḥaq
"Baṣīr the bell-maker, wife of","Baṣīr the bell-maker, wife of"
Bayān,Bayān
"Ben Naḥman the cantor, widow of","Ben Naḥman the cantor, widow of"
Benjamin,Benjamin
Benjamin b. Qalyūsa al-Ḡazwī,Benjamin b. Qalyūsa al-Ghazwī
Beraḵot,Berakhot
Beraḵot b. Šemarya,Berakhot b. Shemarya
Bint Ibn al-Šišī (widow of Abū l-Faraj the doctor),Bint Ibn al-Shishī (widow of Abū l-Faraj the doctor)
Bunayya b. Mūsā,Bunayya b. Mūsā
Bunayya b. Mūsā the perfumer,Bunayya b. Mūsā the perfumer
Bundār b. Maḍmūn,Bundār b. Maḍmūn
Cantor of Malīj,Cantor of Malīj
Da’ūd in Qalyūb,Da’ūd in Qalyūb
Dan the proselyte,Dan the proselyte
Daniel al-Qūmisī,Dani’el al-Qūmisī
Daniel b. Aaron,Dani’el b. Aharon
Daniel b. Ḥisday,Dani’el b. Ḥisday
Daniel b. Moses al-Qumasi,Dani’el b. Moshe al-Qumasi
Daniel b. Moses al-Qūmisī,Dani’el b. Moshe al-Qūmisī
Daniel b. Ṭoviyya,Dani’el b. Ṭoviyya
Daniel b. Yaʿīš,Dani’el b. Yaʿīsh
Daniel b. ʿAzariah,Dani’el b. ʿAzarya
Daniel b. ʿAzariah (Gaʾon),Dani’el b. ʿAzarya (Gaʾon)
Daniel b. ʿAzariah (Nasi),Dani’el b. ʿAzarya (Nasi)
Daniel b. ʿAzarya,Dani’el b. ʿAzarya
Daniel the Babylonian b. Saʿadya,Dani’el the Babylonian b. Saʿadya
Ḏārā,Dhārā
David,David
David (son of the Nasi),David (son of the Nasi)
David b. Abraham,David b. Avraham
David b. Abraham al-Fāsi,David b. Avraham al-Fāsi
David b. Abraham al-Fāsī,David b. Avraham al-Fāsī
David b. Abraham al-Fāṣī,David b. Avraham al-Fāṣī
David b. Abraham Maimonides,David b. Avraham Maimonides
David b. Benjamin,David b.Binyamin
David b. Daniel,David b. Dani’el
David b. Daniel b. David b. Zakkay b. Joseph b. Zakkay b. Azarya b. Solomon b. Josiah (Babylonian nasi),David b. Dani’el b. David b. Zakkay b. Yosef b. Zakkay b. Azarya b. Shelomo b. Yoshiyyahu (Babylonian nasi)
David b. Daniel Nasi,David b. Dani’el Nasi
David b. ha-Nasi,David b. ha-Nasi
David b. Ḥayyun,David b. Ḥayyun
David b. Ḥusayn,David b. Ḥusayn
David b. Isaac b. ʿEli,David b. Yiṣḥaq b. ʿEli
David b. Joseph Qimḥi,David b. Yosef Qimḥi
David b. Joseph Qimḥī,David b. Yosef Qimḥī
David b. Joshua Maimonides,David b. Yehoshuaʿ Maimonides
David b. Moses Bonfat the Spaniard,David b. Moshe Bonfat the Spaniard
David b. Naʿīm,David b. Naʿīm
David b. ʿAmmār Madīnī,David b. ʿAmmār Madīnī
David Badūssī,David Badūssī
David Beḥor,David Beḥor
David ha-Nagid,David ha-Nagid
David ha-Nasi,David ha-Nasi
David Kimḥi,David Kimḥi
David Kohen,David Kohen
David Maimonides,David Maimonides
David Maymun,David Maymun
David Nasi,David Nasi
David Nasi ha-Gola,David Nasi ha-Gola
Dawūd,Dawūd
Dāwūd b. Marwān al-Muqammiṣ,Dāwūd b. Marwān al-Muqammiṣ
Dawūd ibn Abī al-Bayān,Dawūd ibn Abī al-Bayān
Dāwūd ibn Abī al-Bayān,Dāwūd ibn Abī al-Bayān
Dāwūd ibn Marwān al-Muqammiṣ,Dāwūd ibn Marwān al-Muqammiṣ
Daʾūd,Daʾūd
Daʾūd (probably muqaddam of Bilbays),Daʾūd (probably muqaddam of Bilbays)
Daʾūd b. Azhar,Daʾūd b. Azhar
Daʾūd b. Naḥum,Daʾūd b. Naḥum
Daʾūd b. Naḥum b. Ḥakmūn,Daʾūd b. Naḥum b. Ḥakmūn
"Daʾūd, the muqaddam of Bilbays","Daʾūd, the muqaddam of Bilbays"
Daʿūd Fasī,Daʿūd Fasī
Donna Sarah,Donna Sara
Dunaš b. Labraṭ,Dunash b. Labraṭ
Dunaš b. Labrāṭ,Dunash b. Labrāṭ
Dunaš ha-Levi b. Labraṭ,Dunash ha-Levi b. Labraṭ
"Dunaš Ibn Labrāṭ, wife of","Dunash Ibn Labrāṭ, wife of"
Eldad b. Maḥlī ha-Dani,Eldad b. Maḥlī ha-Dani
Elḥanan b. ha-Rav,Elḥanan b. ha-Rav
Elḥanan b. Šemarya,Elḥanan b. Shemarya
Elḥanan b. Šemarya (Yaḥyā b. Šemarya),Elḥanan b. Shemarya (Yaḥyā b. Shemarya)
Eli b. Abraham,Eli b. Avraham
Eli b. Amram,Eli b. ʿAmram
Elijah,Eliyyahu
Elijah b. Caleb b. Leon,Eliyyahu b. Kalev b. Leon
Elijah b. Ḵalaf,Eliyyahu b. Khalaf
Elijah b. Nissim,Eliyyahu b. Nissim
Elijah b. Solomon Gaʾon,Eliyyahu b. Shelomo Gaʾon
Elijah b. Zechariah (judge),Eliyyahu b. Zekharya (judge)
Elijah b. Zechariah (possibly Elijah the judge),Eliyyahu b. Zekharya (possibly Eliyyahu the judge)
Elijah Baḥor,Eliyyahu Baḥor
Elijah ha-Kohen b. Solomon Gaʾon,Eliyyahu ha-Kohen b. Shelomo Gaʾon
Elijah the judge,Eliyyahu the judge
Eliyahu b. Aaron he-Ḥaver b. Josiah Av Bet Din,Eliyyahu b. Aharon he-Ḥaver b. Yoshiyyahu Av Bet Din
Elʿazar b. [...],Elʿazar b. [...]
Elʿazar b. Abraham b. Elišaʿ,Elʿazar b. Avraham b. Elishaʿ
Elʿazar b. Ahuv,Elʿazar b. Ahuv
Elʿazar b. Ḥalfon,Elʿazar b. Ḥalfon
Elʿazar b. Jacob ha-Bavli,Elʿazar b. Yaʿaqov ha-Bavli
Elʿazar b. Joseph,Elʿazar b. Yosef
Elʿazar b. Qillir,Elʿazar b. Qillir
Elʿazar ha-Kohen b. Judah,Elʿazar ha-Kohen b. Yehuda
Elʿazar ha-Kohen b. Solomon,Elʿazar ha-Kohen b. Shelomo
Elʿazar ha-Qallir,Elʿazar ha-Qallir
Elʿazar Qallir,Elʿazar Qallir
Elʿazar the cantor b. Abraham,Elʿazar the cantor b. Avraham
Ephraim,Efrayim
Ephraim 'the Ḥaver in the Great Sanhedrin' b. Šemariah,Efrayim 'the Ḥaver in the Great Sanhedrin' b. Shemariah
Ephraim b. Hillel,Efrayim b. Hillel
Ephraim b. Isaac,Efrayim b. Yiṣḥaq
Ephraim b. Isḥāq (silversmith),Efrayim b. Isḥāq (silversmith)
Ephraim b. Ismaʿīl al-Jawharī,Efrayim b. Ismaʿīl al-Jawharī
Ephraim b. Jacob,Efrayim b. Yaʿaqov
Ephraim b. Maymūn,Efrayim b. Maymūn
Ephraim b. Saʿīd,Efrayim b. Saʿīd
Ephraim b. Šemarya,Efrayim b. Shemarya
Ephraim b. Sulaymān,Efrayim b. Sulaymān
Ephraim ibn Ḥasan ibn Isḥāq ibn Ibrāhīm al-Isrāʾīlī,Efrayim ibn Ḥasan ibn Isḥāq ibn Ibrāhīm al-Isrāʾīlī
Esther,Ester
Evyatar ha-Gaʾon b. Elijah,Evyatar ha-Gaʾon b. Eliyyahu
Ezekiel,Yeḥezqel
Ezekiel b. Ibrahim,Yeḥezqel b. Ibrahim
Ezekiel b. Nathan,Yeḥezqel b. Natan
Ezekiel b. Nathaniel,Yeḥezqel b. Nataniel
Ezekiel b. Nathaniel al-Dimyāṭī,Yeḥezqel b. Nataniel al-Dimyāṭī
Ezekiel ha-Kohen al-Danūrī b. ʿAlī,Yeḥezqel ha-Kohen al-Danūrī b. ʿAlī
Ezekiel ha-Levi b. Nathaniel,Yeḥezqel ha-Levi b. Nataniel
Ezra,Ezra
Ezra b. Hillel,Ezra b. Hillel
Faraḥ b. Ismaʿīl,Faraḥ b. Ismaʿīl
Faraḥ b. Ismaʿīl b. Faraḥ,Faraḥ b. Ismaʿīl b. Faraḥ
Faraḥ b. Joseph,Faraḥ b. Yosef
Faraḥ b. Joseph b. Faraḥ,Faraḥ b. Yosef b. Faraḥ
Faraj (emancipated slave of Barhūn Tahertī),Faraj (emancipated slave of Barhūn Tahertī)
Faraj b. Manṣūr,Faraj b. Manṣūr
Faraj the cantor,Faraj the cantor
Fuḍayl Abū l-Ḥasan,Fuḍayl Abū l-Ḥasan
Futūḥ the cantor,Futūḥ the cantor
Gabriel חפז,Gabriel חפז
Galen,Galen
Gaʾon Josiah b. Aaron,Gaʾon Yoshiyyahu b. Aharon
Gaʾon Samuel b. Ḥofni,Gaʾon Shemuʾel b. Ḥofni
Gaʾon Samuel b. ʿEli,Gaʾon Shemuʾel b. ʿEli
Gaʾon Sar Šalom ha-Levi b. Moses,Gaʾon Sar Shalom ha-Levi b. Moshe
Gaʾon Sar Šalom ha-Levi b. Moses b. Nathaniel,Gaʾon Sar Shalom ha-Levi b. Moshe b. Nataniel
Gaʾon Solomon b. Judah,Gaʾon Shelomo b. Yehuda
Geršom b. Judah,Gershom b. Yehuda
Hadutahu,Hadutahu
Hai Gaʾon,Hai Gaʾon
Ḥalfon,Ḥalfon
Ḥalfon b. Isaac,Ḥalfon b. Yiṣḥaq
Ḥalfon b. Maḍmūn,Ḥalfon b. Maḍmūn
Ḥalfon b. Manasseh,Ḥalfon b. Menashshe
Ḥalfon b. Nathaniel,Ḥalfon b. Nataniel
Halfon b. Nathaniel ha-Levi,Halfon b. Nataniel ha-Levi
Ḥalfon ha-Kohen b. Judah ha-Kohen,Ḥalfon ha-Kohen b. Yehuda ha-Kohen
Ḥalfon the cantor b. David,Ḥalfon the cantor b. David
Ḥananel b. Ḥušiʾel,Ḥananel b. Ḥushiʾel
Ḥananel b. Jacob ha-Dayyan,Ḥananel b. Yaʿaqov ha-Dayyan
Ḥananel b. Samuel,Ḥananel b. Shemuʾel
Ḥananel b. Samuel (judge),Ḥananel b. Shemuʾel (judge)
Hananel b. Samuel ha-Dayyan,Hananel b. Shemuʾel ha-Dayyan
Ḥananel b. Samuel ha-Dayyan,Ḥananel b. Shemuʾel ha-Dayyan
Ḥananya b. Judah,Ḥananya b. Yehuda
Ḥananya ha-Kohen (Av Bet Din),Ḥananya ha-Kohen (Av Bet Din)
Ḥananʾel b. Ḥušiʾel,Ḥananʾel b. Ḥushiʾel
Ḥanina b. Dosa,Ḥanina b. Dosa
Harūn b. Bunyām,Harūn b. Bunyām
Hārūn b. Joseph al-Ḡazzāl,Hārūn b. Yosef al-Ghazzāl
Ḥasan b. Mu’ammal,Ḥasan b. Mu’ammal
Ḥasan b. Sahl,Ḥasan b. Sahl
Ḥasday b. Mevoraḵ b. Mordechai,Ḥasday b. Mevorakh b. Mordekhay
Ḥassūn b. Isaac,Ḥassūn b. Yiṣḥaq
Ḥassun b. Isaac al-Ḵawlānī,Ḥassun b. Yiṣḥaq al-Khawlānī
Ḥassūn b. Isaac al-Ḵawlānī,Ḥassūn b. Yiṣḥaq al-Khawlānī
Ḥassūn b. Yaʿīš,Ḥassūn b. Yaʿīsh
Hayfā bint Sulaymān,Hayfā bint Sulaymān
Ḥayyim b. Emmanuel b. Qayyoma,Ḥayyim b. ʿImanuʾel b. Qayyoma
Ḥayyim b. Emmanuel Ibn Qayyūma,Ḥayyim b. ʿImanuʾel Ibn Qayyūma
Ḥayyim b. Immanuel b. Qayoma,Ḥayyim b. ʿImanuʾel b. Qayoma
Hayyim b. ʿAmmar,Hayyim b. ʿAmmar
Ḥayyim b. ʿEli ha-Kohen b. Ḥayyim,Ḥayyim b. ʿEli ha-Kohen b. Ḥayyim
Ḥayyūj,Ḥayyūj
Head of Minyat Ḡamr,Head of Minyat Ghamr
Ḥefeṣ b. Yaṣliaḥ,Ḥefeṣ b. Yaṣliaḥ
Hezekiah b. David (Exilarch),Ḥizqiyyahu b. David (Exilarch)
Hezekiah b. Solomon,Ḥizqiyyahu b. Shelomo
Ḥezekiah the Exilarch b. David,Ḥizqiyyahu the Exilarch b. David
Hiba b. Abū [...],Hiba b. Abū [...]
Hiba Ibn Zaʿafrān,Hiba Ibn Zaʿafrān
Hilāl,Hilāl
Hilāl b. [...],Hilāl b. [...]
"Hilāl, brother of Abū l-Majd","Hilāl, brother of Abū l-Majd"
Hillel,Hillel
Hillel b. ʿEli,Hillel b. ʿEli
Hillel he-Ḥaver b. Yešuʿa the cantor,Hillel he-Ḥaver b. Yeshuʿa the cantor
Hippocrates,Hippocrates
Ḥunayn b. Isḥāq,Ḥunayn b. Isḥāq
Ḥunayn ibn Isḥāq,Ḥunayn ibn Isḥāq
Ḥušiʾel b. Elḥanan,Ḥushiʾel b. Elḥanan
Ibn Abū l-Karmānī,Ibn Abū l-Karmānī
Ibn Al-Bayṭār,Ibn Al-Bayṭār
Ibn al-Bayṯar,Ibn al-Baythar
Ibn al-Ḥasan b. Hūlayf Iskanderānī,Ibn al-Ḥasan b. Hūlayf Iskanderānī
Ibn al-Jazzār,Ibn al-Jazzār
Ibn al-Ḵīzānī,Ibn al-Khīzānī
Ibn Al-Nafīs,Ibn Al-Nafīs
Ibn Al-Tilmīḏ,Ibn Al-Tilmīdh
Ibn Buṭlān,Ibn Buṭlān
Ibn Ezra,Ibn ʿEzra
Ibn Gabirol,Ibn Gabirol
Ibn Ḡayyāt,Ibn Ghayyāt
Ibn Gikatilla,Ibn Gikatilla
Ibn Hanzar (?),Ibn Hanzar (?)
Ibn Hayyūj,Ibn Hayyūj
Ibn Ibrahim b. Ṭiban,Ibn Ibrahim b. Ṭiban
Ibn Janah,Ibn Janah
Ibn Janaḥ,Ibn Janaḥ
Ibn Janāḥ,Ibn Janāḥ
Ibn Jasus,Ibn Jasus
Ibn Jumayʿ,Ibn Jumayʿ
Ibn Māsawayh,Ibn Māsawayh
Ibn Maṣmūd,Ibn Maṣmūd
Ibn Muhājir,Ibn Muhājir
Ibn Nafīʿ,Ibn Nafīʿ
"Ibn Naḥman the cantor, widow of","Ibn Naḥman the cantor, widow of"
Ibn Niffīʿ,Ibn Niffīʿ
Ibn Qaḍiyya,Ibn Qaḍiyya
Ibn Sina,Ibn Sina
Ibn Sīnā,Ibn Sīnā
Ibn Sīnā (Avicenna),Ibn Sīnā (Avicenna)
Ibn Šuʿba (Shiite author),Ibn Shuʿba (Shiite author)
Ibn Yūsuf Zītīn,Ibn Yūsuf Zītīn
Ibn ʿAlī,Ibn ʿAlī
Ibrahim,Ibrahim
Ibrāhīm,Ibrāhīm
Ibrahim al-Ma[..]ūdī known as Ibn al-Ḥarīrī,Ibrahim al-Ma[..]ūdī known as Ibn al-Ḥarīrī
Ibrahim b. Abū l-Surūr,Ibrahim b. Abū l-Surūr
Ibrāhīm b. Farrāḥ Iskandarānī,Ibrāhīm b. Farrāḥ Iskandarānī
Ibrahim b. Hilāl,Ibrahim b. Hilāl
Ibrahim b. Isḥāq,Ibrahim b. Isḥāq
Ibrahim b. Miṣbāḥ,Ibrahim b. Miṣbāḥ
Ibrāhim b. Muhammad,Ibrāhim b. Muhammad
Ibrahim b. Ṣedaqa the perfumer,Ibrahim b. Ṣedaqa the perfumer
Isaac,Yiṣḥaq
Isaac al-Fāsi,Yiṣḥaq al-Fāsi
Isaac al-Fāsī,Yiṣḥaq al-Fāsī
Isaac b. Aaron,Yiṣḥaq b. Aharon
Isaac b. Abraham b. Ezra,Yiṣḥaq b. Avraham b. ʿEzra
Isaac b. Asher Sefaradi,Yiṣḥaq b. Asher Sefaradi
Isaac b. Baruḵ,Yiṣḥaq b. Barukh
Isaac b. Benveniste,Yiṣḥaq b. Benveniste
Isaac b. Ezra,Yiṣḥaq b. ʿEzra
Isaac b. Joseph,Yiṣḥaq b. Yosef
Isaac b. Moses,Yiṣḥaq b. Moshe
Isaac b. Naʿīm,Yiṣḥaq b. Naʿīm
Isaac b. Nissim the Persian,Yiṣḥaq b. Nissim the Persian
Isaac b. Šabbāt,Yiṣḥaq b. Shabbāt
Isaac b. Samuel,Yiṣḥaq b. Shemuʾel
Isaac b. Samuel ‘the Spaniard’ al-Kinzī,Yiṣḥaq b. Shemuʾel ‘the Spaniard’ al-Kinzī
Isaac b. Samuel ha-Sefardi,Yiṣḥaq b. Shemuʾel ha-Sefardi
Isaac b. Saʿadya b. Sahlān,Yiṣḥaq b. Saʿadya b. Sahlān
Isaac b. Ṣedaqa the cantor,Yiṣḥaq b. Ṣedaqa the cantor
Isaac b. Simḥa Nisābūrī,Yiṣḥaq b. Simḥa Nisābūrī
Isaac b. Sulaymān,Yiṣḥaq b. Sulaymān
Isaac b. Yešuʿa,Yiṣḥaq b. Yeshuʿa
Isaac b. Yešuʿa b. Samḥun,Yiṣḥaq b. Yeshuʿa b. Samḥun
Isaac b. ʿEli,Yiṣḥaq b. ʿEli
Isaac Baronito b. Abraham Baronito,Yiṣḥaq Baronito b. Avraham Baronito
Isaac Gaʾon,Yiṣḥaq Gaʾon
Isaac ha-Kohen b. Isaiah,Yiṣḥaq ha-Kohen b. Yeshaʿyahu
Isaac ha-Levi b. [...],Yiṣḥaq ha-Levi b. [...]
Isaac ha-Levi b. Šamār,Yiṣḥaq ha-Levi b. Shamār
Isaac ha-Levi b. Simḥa,Yiṣḥaq ha-Levi b. Simḥa
Isaac ha-Levi b. Simḥa al-Nisābūrī,Yiṣḥaq ha-Levi b. Simḥa al-Nisābūrī
Isaac ha-Levi he-Ḥaver b. Solomon,Yiṣḥaq ha-Levi he-Ḥaver b. Shelomo
"Isaac he-Ḥaver, descendant of Meʾir Gaʾon","Yiṣḥaq he-Ḥaver, descendant of Meʾir Gaʾon"
Isaac Ibn Ghayyāt,Yiṣḥaq Ibn Ghayyāt
Isaac ibn Ḡiyyat,Yiṣḥaq ibn Ghiyyat
Isaac ibn Ḡiyyāṯ,Yiṣḥaq ibn Ghiyyāth
Isaac ibn Ḵalfun,Yiṣḥaq ibn Khalfun
Isaac ibn Ḵalfūn,Yiṣḥaq ibn Khalfūn
Isaac Israeli,Yiṣḥaq Yisraʾeli
Isaac Levi b. Simḥa Nīsābūrī,Yiṣḥaq Levi b. Simḥa Nīsābūrī
Isaac Luria,Yiṣḥaq Luria
Isaac Nīsābūrī,Yiṣḥaq Nīsābūrī
Isaac Simḥa al-Naysābūrī,Yiṣḥaq Simḥa al-Naysābūrī
Isaac Ṣit,Yiṣḥaq Ṣit
Isaac the blind,Yiṣḥaq the blind
Isaac the cantor b. Baruḵ,Yiṣḥaq the cantor b. Barukh
Isaac ʿAmmānī,Yiṣḥaq ʿAmmānī
Isaiah,Yeshaʿyahu
Isaiah b. Elʿazar שמאע,Yeshaʿyahu b. Elʿazar שמאע
Isaiah b. Isaac,Yeshaʿyahu b. Yiṣḥaq
Isaiah b. Isḥāq,Yeshaʿyahu b. Isḥāq
Isḥāq b. Maḵlūf al-Nafūsī,Isḥāq b. Makhlūf al-Nafūsī
Ishmael b. Abraham b. Kujik,Ishmael b. Avraham b. Kujik
Ismaʿīl,Ismaʿīl
Ismāʿīl,Ismāʿīl
Ismaʿīl b. Barhun,Ismaʿīl b. Barhun
Ismaʿīl b. Barhūn al-Tahertī,Ismaʿīl b. Barhūn al-Tahertī
Ismaʿīl b. Barhūn Taherti,Ismaʿīl b. Barhūn Taherti
Ismaʿīl b. Ḍiyā,Ismaʿīl b. Ḍiyā
Ismaʿīl b. Faraḥ,Ismaʿīl b. Faraḥ
Ismaʿīl b. Faraḥ al-Qābiṣī,Ismaʿīl b. Faraḥ al-Qābiṣī
Ismaʿīl b. Isaac al-Andalusī,Ismaʿīl b. Yiṣḥaq al-Andalusī
Ismaʿīl b. Isaac al-Andalūsī,Ismaʿīl b. Yiṣḥaq al-Andalūsī
Ismaʿīl b. Isaac ha-Andalūsī,Ismaʿīl b. Yiṣḥaq ha-Andalūsī
Ismaʿīl b. Jacob al-Andalusī,Ismaʿīl b. Yaʿaqov al-Andalusī
Ismaʿīl b. Joseph b. Abī ʿUqba,Ismaʿīl b. Yosef b. Abī ʿUqba
Ismaʿīl b. Salāma,Ismaʿīl b. Salāma
Israel b. Joseph al-Nakawa,Yisraʾel b. Yosef al-Nakawa
Israel b. Joseph b. Banuqa,Yisraʾel b. Yosef b. Banuqa
Israel b. Joseph b. Bānūqa,Yisraʾel b. Yosef b. Bānūqa
Israel b. Joseph b. Israel,Yisraʾel b. Yosef b. Yisraʾel
Israel b. Moses Najara,Yisraʾel b. Moshe Najara
Israel b. Nathan,Yisraʾel b. Natan
Israel b. Šuʿayb,Yisraʾel b. Shuʿayb
Israel ha-Kohen,Yisraʾel ha-Kohen
Israel ha-Kohen b. Samuel (Gaʾon),Yisraʾel ha-Kohen b. Shemuʾel (Gaʾon)
Issachar Kanīsī (יששכר כניסי),Issachar Kanīsī (יששכר כניסי)
Issachar the proselyte,Issachar the proselyte
Jābir,Jābir
Jacob,Yaʿaqov
Jacob (doctor),Yaʿaqov (doctor)
Jacob Alʿayin,Yaʿaqov Alʿayin
Jacob b. [...],Yaʿaqov b. [...]
Jacob b. [...] Nafūsī,Yaʿaqov b. [...] Nafūsī
Jacob b. Aaron,Yaʿaqov b. Aharon
Jacob b. Abba Mari Anatoli,Yaʿaqov b. Abba Mari Anatoli
Jacob b. Binyām,Yaʿaqov b. Binyām
Jacob b. Ephraim,Yaʿaqov b. Efrayim
Jacob b. Isaac,Yaʿaqov b. Yiṣḥaq
Jacob b. Ismaʿīl,Yaʿaqov b. Ismaʿīl
Jacob b. Ismaʿīl al-Andalusi,Yaʿaqov b. Ismaʿīl al-Andalusi
Jacob b. Ismaʿīl al-Andalūsī,Yaʿaqov b. Ismaʿīl al-Andalūsī
Jacob b. Joseph b. Ismaʿīl al-Aṭrābulsī,Yaʿaqov b. Yosef b. Ismaʿīl al-Aṭrābulsī
Jacob b. Naḥum b. Ḥakmon,Yaʿaqov b. Naḥum b. Ḥakmon
Jacob b. Nissim,Yaʿaqov b. Nissim
Jacob b. Sālim,Yaʿaqov b. Sālim
Jacob b. Salman al-Ḥarīrī,Yaʿaqov b. Salman al-Ḥarīrī
Jacob b. Salmān al-Ḥarirī,Yaʿaqov b. Salmān al-Ḥarirī
Jacob b. Salmān al-Ḥarīrī,Yaʿaqov b. Salmān al-Ḥarīrī
Jacob b. Samuel b. Abraham,Yaʿaqov b. Shemuʾel b. Avraham
Jacob b. Šela,Yaʿaqov b. Shela
Jacob Bagilyer,Yaʿaqov Bagilyer
Jacob ha-Kohen b. Isaiah,Yaʿaqov ha-Kohen b. Yeshaʿyahu
Jacob he-Ḥaver,Yaʿaqov he-Ḥaver
Jacob Levy,Yaʿaqov Levy
Jacob Šalom,Yaʿaqov Shalom
Jacob the blind,Yaʿaqov the blind
Jacob the Hebronite b. Isaac b. David Maʿaravi,Yaʿaqov the Hebronite b. Yiṣḥaq b. David Maʿaravi
Jacob רובס,Yaʿaqov רובס
Jalāl al-Dawla,Jalāl al-Dawla
Jalīla bat Ibrāhīm (wife of Burayk b. Sason),Jalīla bat Ibrāhīm (wife of Burayk b. Sason)
Joel the teacher,Yoʾel the teacher
John Chrysostom,John Chrysostom
Jonah b. Abraham Gerondi,Yona b. Avraham Gerondi
Jonah b. Janāḥ,Yona b. Janāḥ
Jonah ibn Janāḥ,Yona ibn Janāḥ
Jonathan ha-Kohen of Lunel,Yonatan ha-Kohen of Lunel
Joseph,Yosef
Joseph (muqaddam),Yosef (muqaddam)
Joseph [...],Yosef [...]
Joseph al-Baradāni,Yosef al-Baradāni
Joseph al-Baradānī,Yosef al-Baradānī
Joseph al-Muṣallī,Yosef al-Muṣallī
Joseph b. [...],Yosef b. [...]
Joseph b. Aaron the cantor,Yosef b. Aharon the cantor
Joseph b. Abitur,Yosef b. Abitur
Joseph b. Abitūr,Yosef b. Abitūr
Joseph b. Abraham,Yosef b. Avraham
Joseph b. Abū l-Bišr b. Makārim al-Iskandarī,Yosef b. Abū l-Bishr b. Makārim al-Iskandarī
Joseph b. al-Šāmī,Yosef b. al-Shāmī
Joseph b. Araḥ,Yosef b. Araḥ
Joseph b. Āraḥ,Yosef b. Āraḥ
Joseph b. Benjamin (banker),Yosef b.Binyamin (banker)
Joseph b. Berachiah,Yosef b. Berachiah
Joseph b. Bereḵya,Yosef b. Berekhya
Joseph b. Elijah,Yosef b. Eliyyahu
Joseph b. Elʿazar,Yosef b. Elʿazar
Joseph b. Ezra,Yosef b. ʿEzra
Joseph b. Faraḥ,Yosef b. Faraḥ
Joseph b. Farrāḥ,Yosef b. Farrāḥ
Joseph b. Geršon,Yosef b. Gershon
Joseph b. Ḥayyim al-Baradānī,Yosef b. Ḥayyim al-Baradānī
Joseph b. Hiba,Yosef b. Hiba
Joseph b. Ibrahim Ibn al-Ḥaver,Yosef b. Ibrahim Ibn al-Ḥaver
Joseph b. Isaac,Yosef b. Yiṣḥaq
Joseph b. Isaac Ibn Abitur,Yosef b. Yiṣḥaq Ibn Abitur
Joseph b. Ismaʿīl (Samaritan),Yosef b. Ismaʿīl (Samaritan)
Joseph b. Jacob,Yosef b. Yaʿaqov
Joseph b. Jacob al-Kohen,Yosef b. Yaʿaqov al-Kohen
Joseph b. Jacob b. Joseph ha-Ḥebroni b. Saʿadya he-Ḥaver,Yosef b. Yaʿaqov b. Yosef ha-Ḥebroni b. Saʿadya he-Ḥaver
Joseph b. Jacob ha-Bavli,Yosef b. Yaʿaqov ha-Bavli
"Joseph b. Josiah, daughter of","Yosef b. Yoshiyyahu, daughter of"
Joseph b. Joyya,Yosef b. Joyya
Joseph b. Judah b. Simḥa,Yosef b. Yehuda b. Simḥa
Joseph b. Kulayb,Yosef b. Kulayb
Joseph b. Masʿūd,Yosef b. Masʿūd
Joseph b. Maṯāb,Yosef b. Mathāb
Joseph b. Mawhūb b. Faraj,Yosef b. Mawhūb b. Faraj
Joseph b. Michael,Yosef b. Mikha’el
Joseph b. Mordechai,Yosef b. Mordekhay
Joseph b. Moses,Yosef b. Moshe
Joseph b. Mūsā,Yosef b. Mūsā
Joseph b. Mūsā Taherti,Yosef b. Mūsā Taherti
Joseph b. Mūsā Tahertī,Yosef b. Mūsā Tahertī
Joseph b. Muʿallā,Yosef b. Muʿallā
Joseph b. Nadiv the cantor,Yosef b. Nadiv the cantor
Joseph b. Nissan,Yosef b. Nissan
Joseph b. Peraḥya,Yosef b. Peraḥya
Joseph b. Peraḥya Ibn Yijū,Yosef b. Peraḥya Ibn Yijū
Joseph b. Ṣadiq,Yosef b. Ṣadiq
Joseph b. Sahl ha-Baradānī,Yosef b. Sahl ha-Baradānī
Joseph b. Samuel ha-Levi ibn Ḵatuš,Yosef b. Shemuʾel ha-Levi ibn Khatush
Joseph b. Saʿīd,Yosef b. Saʿīd
Joseph b. Šešet ha-Sefardi,Yosef b. Sheshet ha-Sefardi
Joseph b. Ṭabūl,Yosef b. Ṭabūl
Joseph b. Yefet,Yosef b. Yefet
Joseph b. Yešu‘a,Yosef b. Yeshu‘a
Joseph b. Yešuʿa al-Aṭrābulsī,Yosef b. Yeshuʿa al-Aṭrābulsī
Joseph b. ʿEli ha-Kohen Fāsī,Yosef b. ʿEli ha-Kohen Fāsī
Joseph b. ʿEli Kohen Fāsī,Yosef b. ʿEli Kohen Fāsī
Joseph b. ʿIwaḍ al-Iskandarī,Yosef b. ʿIwaḍ al-Iskandarī
Joseph Caro,Yosef Caro
Joseph Fitru,Yosef Fitru
Joseph ha-Kohen (b. Solomon),Yosef ha-Kohen (b. Shelomo)
Joseph ha-Kohen b. Solomon Gaʾon,Yosef ha-Kohen b. Shelomo Gaʾon
Joseph ha-Kohen he-Ḥaver b. Jacob,Yosef ha-Kohen he-Ḥaver b. Yaʿaqov
Joseph ha-Kohen he-Ḥaver b. Solomon,Yosef ha-Kohen he-Ḥaver b. Shelomo
Joseph ha-Kohen he-Ḥaver b. Solomon Head of the Yešiva,Yosef ha-Kohen he-Ḥaver b. Shelomo Head of the Yeshiva
Joseph ha-Kohen he-Ḥaver the Fourth b. Jacob,Yosef ha-Kohen he-Ḥaver the Fourth b. Yaʿaqov
Joseph ha-Levi b. Samuel,Yosef ha-Levi b. Shemuʾel
Joseph ha-Levi ha-Yerušalmi b. Moses,Yosef ha-Levi ha-Yerushalmi b. Moshe
Joseph ha-Qosṭandini,Yosef ha-Qosṭandini
Joseph ibn Abitur,Yosef ibn Abitur
Joseph Ibn Abiṭur,Yosef Ibn Abiṭur
Joseph ibn Avitur,Yosef ibn Avitur
Joseph ibn Ṣaddiq,Yosef ibn Ṣaddiq
Joseph Karo,Yosef Karo
Joseph Lebdi,Yosef Lebdi
Joseph Malili,Yosef Malili
Joseph of Tripolis,Yosef of Tripolis
Joseph Ṣarūr,Yosef Ṣarūr
Joseph Sidonil,Yosef Sidonil
Joseph Tamiš,Yosef Tamish
Joseph ʿAfīf b. Ezra,Yosef ʿAfīf b. ʿEzra
Joshua b. Ismaʿīl al-Maḥmūrī,Yehoshuaʿ b. Ismaʿīl al-Maḥmūrī
Joshua b. Joseph ha-Levi,Yehoshuaʿ b. Yosef ha-Levi
Joshua b. Saʿīd al-Maṣīṣī,Yehoshuaʿ b. Saʿīd al-Maṣīṣī
Joshua ha-Kohen b. Joseph,Yehoshuaʿ ha-Kohen b. Yosef
Joshua ha-Kohen ha-Mumḥe b. Yaʿir (judge in Tiberias),Yehoshuaʿ ha-Kohen ha-Mumḥe b. Yaʿir (judge in Tiberias)
Joshua he-Ḥaver b. ʿEli,Yehoshuaʿ he-Ḥaver b. ʿEli
Joshua he-Ḥaver b. ʿEli he-Ḥaver,Yehoshuaʿ he-Ḥaver b. ʿEli he-Ḥaver
Joshua Maimonides,Yehoshuaʿ Maimonides
Joshua Maimonides (Nagid),Yehoshuaʿ Maimonides (Nagid)
Joshua the Nagid,Yehoshuaʿ the Nagid
Josiah (Nasi),Yoshiyyahu (Nasi)
Josiah b. Aaron (Gaʾon),Yoshiyyahu b. Aharon (Gaʾon)
Josiah b. Aaron b. Josiah Gaʾon,Yoshiyyahu b. Aharon b. Yoshiyyahu Gaʾon
Josiah b. Mevoraḵ al-ʿĀqūlī,Yoshiyyahu b. Mevorakh al-ʿĀqūlī
Josiah b. Nehemiah (grandson of Abraham b. Sahlān),Yoshiyyahu b. Neḥemya (grandson of Avraham b. Sahlān)
Josiah Gaʾon,Yoshiyyahu Gaʾon
Judah,Yehuda
Judah b. Aaron al-ʿAmmānī (teacher),Yehuda b. Aharon al-ʿAmmānī (teacher)
Judah b. Aaron Ibn al-ʿAmmānī,Yehuda b. Aharon Ibn al-ʿAmmānī
Judah b. Aaron ʿAmmānī (teacher),Yehuda b. Aharon ʿAmmānī (teacher)
Judah b. Abraham,Yehuda b. Avraham
Judah b. Benjamin,Yehuda b. Binyamin
Judah b. David Hayyūj,Yehuda b. David Hayyūj
Judah b. Ḥalfon,Yehuda b. Ḥalfon
Judah b. Ismaʿīl Andalusi,Yehuda b. Ismaʿīl Andalusi
Judah b. Israel,Yehuda b. Yisraʾel
Judah b. Jacob,Yehuda b. Yaʿaqov
Judah b. Joseph,Yehuda b. Yosef
Judah b. Joseph b. al-Ḥanī al-Andalusi,Yehuda b. Yosef b. al-Ḥanī al-Andalusi
Judah b. Nathan,Yehuda b. Natan
Judah b. Sahl,Yehuda b. Sahl
Judah b. Salāma,Yehuda b. Salāma
Judah b. Samuel al-Badagūšī,Yehuda b. Shemuʾel al-Badagūshī
Judah b. Samuel ibn Balʿam,Yehuda b. Shemuʾel ibn Balʿam
Judah b. Samuel Ibn Balʿam (Abū Zakariyyā Yaḥyā),Yehuda b. Shemuʾel Ibn Balʿam (Abū Zakariyyā Yaḥyā)
Judah b. Solomon al-Ḥarīzī,Yehuda b. Shelomo al-Ḥarīzī
Judah b. Tibbon,Yehuda b. Tibbon
Judah Fariente,Yehuda Fariente
Judah Gibbor,Yehuda Gibbor
Judah ha-Kohen b. Joseph,Yehuda ha-Kohen b. Yosef
Judah ha-Kohen b. Ṭoviyyahu,Yehuda ha-Kohen b. Ṭoviyyahu
Judah ha-Levi,Yehuda ha-Levi
Judah ha-Melammed b. al-ʿAmmānī,Yehuda ha-Melammed b. al-ʿAmmānī
Judah Ḥayyūj,Yehuda Ḥayyūj
Judah ibn Daud Ḥayyūj,Yehuda ibn Daud Ḥayyūj
Judah Joseph Nissim Manīnī (יאודה יוסף נסים מניני),Yehuda Yosef Nissim Manīnī (יאודה יוסף נסים מניני)
Judah Kohen,Yehuda Kohen
Judah Levi,Yehuda Levi
Judah Samuel Abbas,Yehuda Shemuʾel Abbas
Judah the teacher,Yehuda the teacher
Ḵalaf,Khalaf
"Ḵalaf b. Harūn, wife of","Khalaf b. Harūn, wife of"
Ḵalaf b. Isaac,Khalaf b. Yiṣḥaq
Ḵalaf b. Isaac b. Bundār,Khalaf b. Yiṣḥaq b. Bundār
Ḵalfa b. Isḥāq b. Menaḥem,Khalfa b. Isḥāq b. Menaḥem
Ḵalfa the cantor Ibn al-Qafṣī,Khalfa the cantor Ibn al-Qafṣī
Ḵalīfa Ḥasan,Khalīfa Ḥasan
Ḵallūf b. Zechariah,Khallūf b. Zekharya
Ḵaṣīb (?) b. Musāfir,Khaṣīb (?) b. Musāfir
Kimchi,Kimchi
Ḵulūf,Khulūf
Labrāṭ b. Isaac,Labrāṭ b. Yiṣḥaq
Labrāṭ b. Moses b. Suḡmār,Labrāṭ b. Moshe b. Sughmār
Labrāṭ b. Moses Ibn Siḡmār,Labrāṭ b. Moshe Ibn Sighmār
Levi b. Geršon (Gersonides),Levi b. Gershon (Gersonides)
Levi b. Mar Saul,Levi b. Mar Shaʾul
Levi b. Mawhūb,Levi b. Mawhūb
Levi ibn Alterban,Levi ibn Alterban
Maḍmūn b. David,Maḍmūn b. David
Maḍmūn b. Ḥasan,Maḍmūn b. Ḥasan
Maḍmūn b. Ḥasan (Maḍmūn b. Yefet),Maḍmūn b. Ḥasan (Maḍmūn b. Yefet)
Maḍmūn b. Yefet (Maḍmūn b. Ḥasan),Maḍmūn b. Yefet (Maḍmūn b. Ḥasan)
Maḥāsin b. Abū ʿAlī,Maḥāsin b. Abū ʿAlī
Maḥfūẓ,Maḥfūẓ
Maḥfūẓ b. Mūsā,Maḥfūẓ b. Mūsā
Maḥrūz b. Jacob,Maḥrūz b. Yaʿaqov
Maimonides,Maimonides
Maḵlūf b. Mūsā,Makhlūf b. Mūsā
Maḵlūf b. Mūsā al-Nafūsī,Makhlūf b. Mūsā al-Nafūsī
Maḵlūf b. Mūsā al-Nafūsī (merchant),Makhlūf b. Mūsā al-Nafūsī (merchant)
Maḵlūf b. ʿAwāḍ the judge,Makhlūf b. ʿAwāḍ the judge
Malīḥa,Malīḥa
Manasseh b. [...],Menashshe b. [...]
Manasseh b. Ḥasan,Menashshe b. Ḥasan
Manasseh b. Joshua,Menashshe b. Yehoshuaʿ
Manasseh b. Judah ‘Descendant of the Geʾonim’,Menashshe b. Yehuda ‘Descendant of the Geʾonim’
Manasseh b. Moses,Menashshe b. Moshe
Manasseh b. Šemaʿya,Menashshe b. Shemaʿya
Manasseh the judge,Menashshe the judge
Manasseh the schoolmaster,Menashshe the schoolmaster
Manṣūr,Manṣūr
Manṣūr b. Ibrāhīm,Manṣūr b. Ibrāhīm
Manṣūr b. Sālim,Manṣūr b. Sālim
Manṣūr ha-Kohen (possibly Manṣūr b. Sālim),Manṣūr ha-Kohen (possibly Manṣūr b. Sālim)
Manṣūr Muqaddasī,Manṣūr Muqaddasī
"Manṣūr, wife of","Manṣūr, wife of"
Mar Elʿazar,Mar Elʿazar
Mardūk b. Mūsā,Mardūk b. Mūsā
Masalāma b. Abū l-Ḥay,Masalāma b. Abū l-Ḥay
Maṣliaḥ b. Elijah,Maṣliaḥ b. Eliyyahu
Maṣliaḥ b. Judah,Maṣliaḥ b. Yehuda
Maṣliaḥ b. Moses,Maṣliaḥ b. Moshe
Maṣliaḥ b. Moses b. Ṣalḥūn,Maṣliaḥ b. Moshe b. Ṣalḥūn
Maṣliaḥ Gaʾon,Maṣliaḥ Gaʾon
Maṣliaḥ ha-Kohen Gaʾon b. Solomon ha-Kohen Gaʾon,Maṣliaḥ ha-Kohen Gaʾon b. Shelomo ha-Kohen Gaʾon
Masʿūd Bunan,Masʿūd Bunan
Masʿūd Qasn,Masʿūd Qasn
Maymūn b. Adonim b. Josiah,Maymūn b. Adonim b. Yoshiyyahu
Maʿānī b. Abū Maslūk,Maʿānī b. Abū Maslūk
"Maʿānī, wife of","Maʿānī, wife of"
Menaḥem,Menaḥem
Menaḥem b. Samuel Kohen,Menaḥem b. Shemuʾel Kohen
Menaḥem b. Saruq,Menaḥem b. Saruq
Mešullam b. Manasseh,Meshullam b. Menashshe
Mešullam b. Moses of Béziers,Meshullam b. Moshe of Béziers
Mevasser b. David,Mevasser b. David
Mevasser b. David b. Mevasser,Mevasser b. David b. Mevasser
Mevasser b. Solomon,Mevasser b. Shelomo
Mevoraḵ b. Abraham,Mevorakh b. Avraham
Mevoraḵ b. Israel Janūbī,Mevorakh b. Yisraʾel Janūbī
Mevoraḵ b. Mawhūb b. Faraj,Mevorakh b. Mawhūb b. Faraj
Mevoraḵ b. Nathan,Mevorakh b. Natan
Mevoraḵ b. Nathan he-Ḥaver,Mevorakh b. Natan he-Ḥaver
Mevoraḵ b. Saʿadya,Mevorakh b. Saʿadya
Mevoraḵ ha-Kohen b. Nathan ha-Kohen he-Meʿulle the judge,Mevorakh ha-Kohen b. Natan ha-Kohen he-Meʿulle the judge
Meʾir b. Jacob (of Narbonne),Meʾir b. Yaʿaqov (of Narbonne)
Meʾir b. Naʿīm,Meʾir b. Naʿīm
Meʾir b. Yaḵin,Meʾir b. Yakhin
Meʾir Ibn al-Hamdānī,Meʾir Ibn al-Hamdānī
Meʾir Naʿim,Meʾir Naʿim
Meʿir,Meʿir
Meʿir Naʿīm,Meʿir Naʿīm
Mīḵāʾīl b. ʿAbd al-Masīḥ,Mīkhāʾīl b. ʿAbd al-Masīḥ
Miriam Maimonides,Miryam Maimonides
Mišaʾel b. ʿUzziʾel,Mishaʾel b. ʿUzziʾel
Mordechai,Mordekhay
Mordechai b. Simḥa,Mordekhay b. Simḥa
Mordechai ʿAmram ברגות,Mordekhay ʿAmram ברגות
Moritz […],Moritz […]
Moses,Moshe
Moses al-Sofer b. Joseph al-Qurṭubī,Moshe al-Sofer b. Yosef al-Qurṭubī
Moses b. Abī [...],Moshe b. Abī [...]
Moses b. Benjamin Aškenazi,Moshe b.Binyamin Ashkenazi
Moses b. Elijah ha-Levi,Moshe b. Eliyyahu ha-Levi
Moses b. Elʿazar,Moshe b. Elʿazar
Moses b. Isaac,Moshe b. Yiṣḥaq
Moses b. Isaac (the Karaite),Moshe b. Yiṣḥaq (the Karaite)
Moses b. Isaac he-Ḥaver b. Solomon he-Ḥaver b. Meʾir (scribe),Moshe b. Yiṣḥaq he-Ḥaver b. Shelomo he-Ḥaver b. Meʾir (scribe)
Moses b. Jacob,Moshe b. Yaʿaqov
Moses b. Jacob of Coucy,Moshe b. Yaʿaqov of Coucy
Moses b. Joseph the teacher,Moshe b. Yosef the teacher
Moses b. Joseph Yijū,Moshe b. Yosef Yijū
Moses b. Labrāṭ,Moshe b. Labrāṭ
Moses b. Levi,Moshe b. Levi
Moses b. Mevoraḵ the Nagid,Moshe b. Mevorakh the Nagid
Moses b. Samuel Ibn Jāmiʿ,Moshe b. Shemuʾel Ibn Jāmiʿ
Moses b. Yefet,Moshe b. Yefet
Moses b. ʿAmram b. Ḥalfon he-Ḥaver,Moshe b. ʿAmram b. Ḥalfon he-Ḥaver
Moses Benjamin,MosheBinyamin
Moses Ḡaylioun,Moshe Ghaylioun
Moses ha-Kohen,Moshe ha-Kohen
Moses ha-Levi b. Šalom ha-Levi Gaʾon,Moshe ha-Levi b. Shalom ha-Levi Gaʾon
Moses ha-Sefardi,Moshe ha-Sefardi
Moses Ḥarād,Moshe Ḥarād
Moses ibn Ezra,Moshe ibn ʿEzra
Moses ibn Tibbon,Moshe ibn Tibbon
Moses Maimonides,Moshe Maimonides
Moses Moḥe,Moshe Moḥe
Moses the judge b. Šemarya,Moshe the judge b. Shemarya
Moses the schoolmaster,Moshe the schoolmaster
Moses גליפאפה,Moshe גליפאפה
Moses הלועז,Moshe הלועז
"Moses, son in law of Donna Sarah and Solomon the scribe, husband of Rebecca bat Solomon the scribe","Moshe, son in law of Donna Sara and Shelomo the scribe, husband of Rivqa bat Shelomo the scribe"
Mubārak b. Ḥananya,Mubārak b. Ḥananya
Mubārak b. Isaac,Mubārak b. Yiṣḥaq
Mubārak b. Mūsā b. Ibrahim,Mubārak b. Mūsā b. Ibrahim
Mubārak b. Nathaniel,Mubārak b. Nataniel
Mubārak b. Ṣedaqa b. Sukrī,Mubārak b. Ṣedaqa b. Sukrī
Mubārak ha-Levi b. Joseph,Mubārak ha-Levi b. Yosef
Mubaššir ha-Levi b. Nissi,Mubashshir ha-Levi b. Nissi
Muḥammad Ibn Sīrīn,Muḥammad Ibn Sīrīn
Muḥāsin,Muḥāsin
Muḵtār b. Jacob,Mukhtār b. Yaʿaqov
Munajjā Muqaddasī,Munajjā Muqaddasī
Muqaddisī,Muqaddisī
Murjī,Murjī
Mūsā al-Kohen,Mūsā al-Kohen
Mūsā b. Abī l-Ḥayy (Mūsā b. Ismāʿīl Tahertī),Mūsā b. Abī l-Ḥayy (Mūsā b. Ismāʿīl Tahertī)
Mūsā b. Abū l-Ḥay,Mūsā b. Abū l-Ḥay
Mūsā b. Abū l-Ḥayy (Mūsā b. Ismāʿīl Tahertī),Mūsā b. Abū l-Ḥayy (Mūsā b. Ismāʿīl Tahertī)
Mūsā b. Abū ʿAlī b. Ṣulḥ,Mūsā b. Abū ʿAlī b. Ṣulḥ
Mūsā b. Hibat Allah al-Yahūdī ‘the doctor’,Mūsā b. Hibat Allah al-Yahūdī ‘the doctor’
Mūsā b. Isaac al-Safāqūṣī,Mūsā b. Yiṣḥaq al-Safāqūṣī
Mūsā b. Isaac b. Nissim al-ʿĀbid,Mūsā b. Yiṣḥaq b. Nissim al-ʿĀbid
Mūsā b. Isaac b. Nissim Ibn al-ʿĀbid,Mūsā b. Yiṣḥaq b. Nissim Ibn al-ʿĀbid
Mūsā b. Jacob,Mūsā b. Yaʿaqov
Mūsā b. Jacob al-Miṣrī,Mūsā b. Yaʿaqov al-Miṣrī
Mūsā b. Joseph,Mūsā b. Yosef
Mūsā b. Joseph b. Nissim,Mūsā b. Yosef b. Nissim
Mūsā b. Nissim,Mūsā b. Nissim
Mūsā b. Yaḥyā al-Majjānī,Mūsā b. Yaḥyā al-Majjānī
Mūsā b. Yaḥyā Majjānī,Mūsā b. Yaḥyā Majjānī
Mūsā b. ʿImrān,Mūsā b. ʿImrān
Mūsā Ibn al-Laḵtūš,Mūsā Ibn al-Lakhtūsh
"Mūsā, nephew of Elijah the judge","Mūsā, nephew of Eliyyahu the judge"
"Mūsā, son-in-law of Abū Zikrī b. Nathaniel b. Hillel","Mūsā, son-in-law of Abū Zikrī b. Nataniel b. Hillel"
Musāfir,Musāfir
Musāfir b. Wahb,Musāfir b. Wahb
Musallaḥ b. Ṣāliḥ,Musallaḥ b. Ṣāliḥ
Musallam,Musallam
Musallam b. Barakāt b. Isḥāq,Musallam b. Barakāt b. Isḥāq
Nagid Abraham b. ʿAṭāʾ,Nagid Avraham b. ʿAṭāʾ
Nagid Samuel b. Ḥananya,Nagid Shemuʾel b. Ḥananya
Naḥman,Naḥman
Nahray b. Nathan,Nahray b. Natan
Nahray b. Nissim,Nahray b. Nissim
Nahray b. Sahl,Nahray b. Sahl
Naḥum b. Manṣūr,Naḥum b. Manṣūr
Najma bat Moses Perdonel,Najma bat Moshe Perdonel
Nathan,Natan
Nathan b. Abraham,Natan b. Avraham
Nathan b. Isaac,Natan b. Yiṣḥaq
Nathan b. Judah,Natan b. Yehuda
Nathan b. Nahray,Natan b. Nahray
Nathan b. Samuel,Natan b. Shemuʾel
Nathan b. Samuel (judge),Natan b. Shemuʾel (judge)
Nathan b. Samuel (teacher),Natan b. Shemuʾel (teacher)
Nathan b. Samuel he-Ḥaver,Natan b. Shemuʾel he-Ḥaver
Nathan b. Solomon,Natan b. Shelomo
Nathan b. Solomon the Cantor b. Yaʿir,Natan b. Shelomo the Cantor b. Yaʿir
Nathan b. Yeḥiʾel,Natan b. Yeḥiʾel
Nathan ha-Kohen,Natan ha-Kohen
Nathan ha-Kohen b. Joseph,Natan ha-Kohen b. Yosef
Nathan ha-Kohen b. Mevoraḵ,Natan ha-Kohen b. Mevorakh
Nathan ha-Kohen b. Samuel,Natan ha-Kohen b. Shemuʾel
Nathan ha-Kohen b. Solomon,Natan ha-Kohen b. Shelomo
Nathan ha-Kohen he-Ḥaver b. Isaiah,Natan ha-Kohen he-Ḥaver b. Yeshaʿyahu
Nathan ha-Levi,Natan ha-Levi
Nathan Shapira,Natan Shapira
Nathan the judge b. Elijah ha-Kohen,Natan the judge b. Eliyyahu ha-Kohen
"Nathan, b. Abraham","Natan, b. Avraham"
Nathaniel b. Elʿazar,Nataniel b. Elʿazar
Nehemiah ha-Kohen (Gaʾon),Neḥemya ha-Kohen (Gaʾon)
Nehemiah ha-Kohen Gaʾon,Neḥemya ha-Kohen Gaʾon
Nicolaus Damascenus,Nicolaus Damascenus
Nissi b. Samuel,Nissi b. Shemuʾel
Nissim,Nissim
Nissim b. [...],Nissim b. [...]
Nissim b. Abraham,Nissim b. Avraham
Nissim b. Berachiah,Nissim b. Berachiah
Nissim b. Bereḵya,Nissim b. Berekhya
Nissim b. Ḥalfon,Nissim b. Ḥalfon
Nissim b. Ḥalfon b. Benaya,Nissim b. Ḥalfon b. Benaya
Nissim b. Isaac,Nissim b. Yiṣḥaq
Nissim b. Isaac Ibn al-Sahl,Nissim b. Yiṣḥaq Ibn al-Sahl
Nissim b. Isaac Taherti,Nissim b. Yiṣḥaq Taherti
Nissim b. Jacob,Nissim b. Yaʿaqov
Nissim b. Jacob (Gaʾon),Nissim b. Yaʿaqov (Gaʾon)
Nissim b. Salāma,Nissim b. Salāma
Nissim Gaʾon,Nissim Gaʾon
Nissim M[...],Nissim M[...]
Obadiah,Ovadya
Obadiah (Norman proselyte),Ovadya (Norman proselyte)
Obadiah (the proselyte),Ovadya (the proselyte)
Obadiah b. Abraham b. Moses Maimonides,Ovadya b. Avraham b. Moshe Maimonides
Obadiah Kahana,Ovadya Kahana
Ohev b. Abraham,Ohev b. Avraham
Origen,Origen
Paltiʾel b. Ephraim he-Ḥaver,Paltiʾel b. Efrayim he-Ḥaver
Peraḥya,Peraḥya
Peraḥya b. Joseph,Peraḥya b. Yosef
Peraḥya b. Joseph (nephew of Abraham Ibn Yijū),Peraḥya b. Yosef (nephew of Avraham Ibn Yijū)
Peraḥya b. Joseph b. Yijū,Peraḥya b. Yosef b. Yijū
Peraḥya b. Yijū,Peraḥya b. Yijū
Pinḥas al-Ṣāīḡ,Pinḥas al-Ṣāīgh
Pinḥas ha-Kohen,Pinḥas ha-Kohen
Qallir,Qallir
Qirqisānī,Qirqisānī
Qusṭā b. Lūqā al-Baʿalbakī,Qusṭā b. Lūqā al-Baʿalbakī
R. Pinḥas,R. Pinḥas
R. Ṣemaḥ,R. Ṣemaḥ
"Rachel bat Solomon the scribe, daughter of Donna Sarah","Rachel bat Shelomo the scribe, daughter of Donna Sara"
"Rāfiʿ al-Ḥarīrī, daughter of","Rāfiʿ al-Ḥarīrī, daughter of"
Raḥamīm b. ʿImrān,Raḥamīm b. ʿImrān
Raḥla Naʿmīṣ [bat ...],Raḥla Naʿmīṣ [bat ...]
Ramaḍān the teacher,Ramaḍān the teacher
Rashi,Rashi
Raši,Rashi
Rawʿ al-Funduqānī b. Ḥamūd,Rawʿ al-Funduqānī b. Ḥamūd
"Rebecca bat Solomon the scribe, daughter of Donna Sarah, wife of Moses","Rivqa bat Shelomo the scribe, daughter of Donna Sara, wife of Moshe"
"Reina bat Solomon the scribe, daughter of Donna Sarah","Reina bat Shelomo the scribe, daughter of Donna Sara"
Sa‘īd ibn Hibat Allāh,Sa‘īd ibn Hibat Allāh
Šabbetay b. Caleb,Shabbetay b. Kalev
Šabbetay b. Moses,Shabbetay b. Moshe
Šabbetay Skandarī,Shabbetay Skandarī
Šabbetay the judge b. Abraham,Shabbetay the judge b. Avraham
Ṣadoq b. Josiah,Ṣadoq b. Yoshiyyahu
Ṣadoq b. Nimr he-Ḥaver,Ṣadoq b. Nimr he-Ḥaver
Ṣadoq ha-Levi b. Levi,Ṣadoq ha-Levi b. Levi
Sahl b. Mevasser b. Naḥum,Sahl b. Mevasser b. Naḥum
Sahlān b. Abraham,Sahlān b. Avraham
Sahlān b. Isḥāq,Sahlān b. Isḥāq
Sahlān ha-Aluf b. Abraham he-Ḥaver,Sahlān ha-Aluf b. Avraham he-Ḥaver
Salāma b. [...],Salāma b. [...]
Salāma b. Asad the perfumer,Salāma b. Asad the perfumer
Salāma b. Ibrahim,Salāma b. Ibrahim
Salāma b. Ismaʿīl,Salāma b. Ismaʿīl
Salāma b. Joseph,Salāma b. Yosef
Salāma b. Mūsā b. Isaac,Salāma b. Mūsā b. Yiṣḥaq
Salāma b. Nissim b. Isaac al-Barqī,Salāma b. Nissim b. Yiṣḥaq al-Barqī
Salīḥ b. Bahlūl,Salīḥ b. Bahlūl
Ṣāliḥ b. Bahlūl,Ṣāliḥ b. Bahlūl
Ṣāliḥ b. Barhūn Taherti,Ṣāliḥ b. Barhūn Taherti
Sālim b. Hārūn al-Janāwī,Sālim b. Hārūn al-Janāwī
"Sālim, sister of","Sālim, sister of"
Salmān b. Harūn,Salmān b. Harūn
Salmān b. Hārūn,Salmān b. Hārūn
Salmān b. Ibrāhīm,Salmān b. Ibrāhīm
Salmon b. Yeruham,Salmon b. Yeruham
Salmon b. Yeruḥam,Salmon b. Yeruḥam
Šalom Šabazi,Shalom Shabazi
Šalom Šammaš,Shalom Shammash
Samuel,Shemuʾel
Samuel (Nagid),Shemuʾel (Nagid)
Samuel b. Aaron,Shemuʾel b. Aharon
Samuel b. Abraham,Shemuʾel b. Avraham
Samuel b. Daniel b. ʿAzariah,Shemuʾel b. Dani’el b. ʿAzarya
Samuel b. David Conforte,Shemuʾel b. David Conforte
Samuel b. Ḥalfon the doctor,Shemuʾel b. Ḥalfon the doctor
Samuel b. Ḥananya,Shemuʾel b. Ḥananya
Samuel b. Ḥananya (Nagid),Shemuʾel b. Ḥananya (Nagid)
Samuel b. Ḥofni,Shemuʾel b. Ḥofni
Samuel b. Ḥofni (Gaʾon),Shemuʾel b. Ḥofni (Gaʾon)
Samuel b. Hošaʿana (Third in the Academy),Shemuʾel b. Hoshaʿana (Third in the Academy)
Samuel b. Hošaʿna (Third in the Academy),Shemuʾel b. Hoshaʿna (Third in the Academy)
Samuel b. Ibrahim,Shemuʾel b. Ibrahim
Samuel b. Isaac,Shemuʾel b. Yiṣḥaq
Samuel b. Jacob b. Samuel,Shemuʾel b. Yaʿaqov b. Shemuʾel
Samuel b. Judah ha-Bavli,Shemuʾel b. Yehuda ha-Bavli
Samuel b. Ḵalīfa,Shemuʾel b. Khalīfa
Samuel b. Moses he-Ḥaver,Shemuʾel b. Moshe he-Ḥaver
Samuel b. Saʿadya ha-Levi,Shemuʾel b. Saʿadya ha-Levi
Samuel b. Solomon ha-Levi,Shemuʾel b. Shelomo ha-Levi
Samuel b. ʿEli (Gaʾon),Shemuʾel b. ʿEli (Gaʾon)
Samuel Dimašqī,Shemuʾel Dimashqī
Samuel Gaʾon b. Ḥofni,Shemuʾel Gaʾon b. Ḥofni
Samuel ha-Kohen,Shemuʾel ha-Kohen
Samuel ha-Kohen b. Ḥofni,Shemuʾel ha-Kohen b. Ḥofni
Samuel ha-Levi b. ʿEli (Gaʾon),Shemuʾel ha-Levi b. ʿEli (Gaʾon)
Samuel ha-Nagid,Shemuʾel ha-Nagid
Samuel he-Ḥaver b. Moses,Shemuʾel he-Ḥaver b. Moshe
Samuel he-Ḥaver ha-Meʿulle b. Moses he-Ḥaver,Shemuʾel he-Ḥaver ha-Meʿulle b. Moshe he-Ḥaver
Samuel Jonas Bondi,Shemuʾel Jonas Bondi
Samuel Sijilmasi,Shemuʾel Sijilmasi
Samuel Skandarī,Shemuʾel Skandarī
Samuel the servant,Shemuʾel the servant
Samuel the Third,Shemuʾel the Third
Samuel the Third b. Hošaʿna,Shemuʾel the Third b. Hoshaʿna
Samuel פוחימה,Shemuʾel פוחימה
Sar Šalom ha-Levi b. Moses ha-Levi,Sar Shalom ha-Levi b. Moshe ha-Levi
Sarah bat Maymūn,Sara bat Maymūn
Sason b. Samuel,Sason b. Shemuʾel
Saul ha-Levi,Shaʾul ha-Levi
Saʿadya,Saʿadya
Saʿadya (b. Beraḵot?),Saʿadya (b. Berakhot?)
Saʿadya b. Abraham,Saʿadya b. Avraham
Saʿadya b. Abraham b. Sason,Saʿadya b. Avraham b. Sason
Saʿadya b. Beraḵot,Saʿadya b. Berakhot
Saʿadya b. Nathan ha-Kohen,Saʿadya b. Natan ha-Kohen
Saʿadya Gaon,Saʿadya Gaon
Saʿadya Gaʾon,Saʿadya Gaʾon
Saʿadya the cantor b. Ṣedaqa,Saʿadya the cantor b. Ṣedaqa
Saʿadya the student,Saʿadya the student
Saʿadya's Tafsir,Saʿadya's Tafsir
Saʿd,Saʿd
Saʿdān b. Ṯābit al-Baḡdādī,Saʿdān b. Thābit al-Baghdādī
Saʿīd ibn Hibat Allāh,Saʿīd ibn Hibat Allāh
Ṣedaqa,Ṣedaqa
Ṣedaqa b. Isaac,Ṣedaqa b. Yiṣḥaq
Ṣedaqa b. Joseph,Ṣedaqa b. Yosef
Ṣedaqa b. Ṯamar,Ṣedaqa b. Thamar
Ṣedaqa he-Ḥaver,Ṣedaqa he-Ḥaver
Ṣedaqa Šāmī,Ṣedaqa Shāmī
Šela b. Mevasser,Shela b. Mevasser
Šela b. Mevasser (judge),Shela b. Mevasser (judge)
Šela b. Naḥum,Shela b. Naḥum
Šela ha-Kohen b. Ṣadūq b. Maṣliaḥ b. Z[...],Shela ha-Kohen b. Ṣadūq b. Maṣliaḥ b. Z[...]
Šem Tov b. Šapruṭ,Shem Tov b. Shapruṭ
Ṣemaḥ הבהב,Ṣemaḥ הבהב
Šemarya b. Elḥanan,Shemarya b. Elḥanan
Šemarya ha-Kohen b. Aaron,Shemarya ha-Kohen b. Aharon
Šerira b. Ḥananya (Gaʾon),Sherira b. Ḥananya (Gaʾon)
Šerira Gaʾon,Sherira Gaʾon
Sibāʿ,Sibāʿ
Simeon b. Megas,Simeon b. Megas
Simeon b. Saul b. Israel ha-Ṭulayṭulī,Simeon b. Shaʾul b. Yisraʾel ha-Ṭulayṭulī
Simeon b. Ṣemaḥ Duran,Simeon b. Ṣemaḥ Duran
Simeon Qayyara,Simeon Qayyara
Simeon Qayyāra,Simeon Qayyāra
Simḥa ha-Kohen,Simḥa ha-Kohen
Simḥa Kohen,Simḥa Kohen
"Simḥa Kohen, son in law of Elijah the judge","Simḥa Kohen, son in law of Eliyyahu the judge"
"Simḥa, son in law of Elijah the judge","Simḥa, son in law of Eliyyahu the judge"
Sitt al-ʿAšīr,Sitt al-ʿAshīr
Sitt Rayḥān,Sitt Rayḥān
Sitt Ṣawāb,Sitt Ṣawāb
Solomon,Shelomo
Solomon ‘the Lesser’,Shelomo ‘the Lesser’
Solomon (teacher),Shelomo (teacher)
Solomon Agostaro (father of Nissim Agostaro),Shelomo Agostaro (father of Nissim Agostaro)
Solomon al-Ṭawīl,Shelomo al-Ṭawīl
Solomon b. […],Shelomo b. […]
Solomon b. Abraham,Shelomo b. Avraham
Solomon b. Elijah,Shelomo b. Eliyyahu
Solomon b. Elijah the judge,Shelomo b. Eliyyahu the judge
Solomon b. Ḥayyim b. Solomon,Shelomo b. Ḥayyim b. Shelomo
Solomon b. Judah,Shelomo b. Yehuda
Solomon b. Judah (Gaʾon),Shelomo b. Yehuda (Gaʾon)
Solomon b. Judah Gaʾon,Shelomo b. Yehuda Gaʾon
Solomon b. Judah ha-Bavli,Shelomo b. Yehuda ha-Bavli
Solomon b. Judah Ibn Gabirol,Shelomo b. Yehuda Ibn Gabirol
Solomon b. Mawhūb,Shelomo b. Mawhūb
Solomon b. Maymūn,Shelomo b. Maymūn
Solomon b. Mevoraḵ,Shelomo b. Mevorakh
Solomon b. Meʾir Roš ha-Seder,Shelomo b. Meʾir Rosh ha-Seder
Solomon b. Moses b. Isaac Safāquṣī,Shelomo b. Moshe b. Yiṣḥaq Safāquṣī
Solomon b. Nathan,Shelomo b. Natan
Solomon b. Nathan (of Sijilmasa),Shelomo b. Natan (of Sijilmasa)
Solomon b. Nathan al-Sijilmāsī,Shelomo b. Natan al-Sijilmāsī
Solomon b. Nathan al-Sijilmāsī al-Jabalī,Shelomo b. Natan al-Sijilmāsī al-Jabalī
Solomon b. Ṣaqbel,Shelomo b. Ṣaqbel
Solomon b. Ṣemaḥ,Shelomo b. Ṣemaḥ
Solomon b. Šemarya (Karaite teacher),Shelomo b. Shemarya (Karaite teacher)
Solomon b. Sulaymān,Shelomo b. Sulaymān
Solomon b. Yeḥiʾel b. Isaac ha-Ṣarfati,Shelomo b. Yeḥiʾel b. Yiṣḥaq ha-Ṣarfati
Solomon b. Yešuʿa,Shelomo b. Yeshuʿa
Solomon Gaʾon,Shelomo Gaʾon
Solomon ha-[...],Shelomo ha-[...]
Solomon ha-Levi b. Saʿadya,Shelomo ha-Levi b. Saʿadya
Solomon ha-Ṣaʿir b. Judah,Shelomo ha-Ṣaʿir b. Yehuda
Solomon Ḥayyim Abraham Chizana,Shelomo Ḥayyim Avraham Chizana
Solomon ibn Gabirol,Shelomo ibn Gabirol
Solomon Ibn Ṣaqbel.,Shelomo Ibn Ṣaqbel.
Solomon Šizana Kunpaniya,Shelomo Shizana Kunpaniya
Solomon Sulaymān,Shelomo Sulaymān
Solomon Sulaymān al-Sanjārī,Shelomo Sulaymān al-Sanjārī
Solomon Sulaymān al-Sanjārī (payṭan),Shelomo Sulaymān al-Sanjārī (payṭan)
Solomon Sulaymān al-Sinjari,Shelomo Sulaymān al-Sinjari
Solomon Sulaymān al-Sinjārī,Shelomo Sulaymān al-Sinjārī
Solomon the teacher,Shelomo the teacher
Stephanus son of Basilius,Stephanus son of Basilius
Sulaymān,Sulaymān
Sulaymān (beadle),Sulaymān (beadle)
Sulaymān b. Samḥūn Ibn al-Sahl,Sulaymān b. Samḥūn Ibn al-Sahl
Surūr,Surūr
Surūr b. Ismaʿīl the dyer,Surūr b. Ismaʿīl the dyer
Ṯābit Ibn Qurra,Thābit Ibn Qurra
Ṯabit ibn Qurra al-Ḥarrānī,Thabit ibn Qurra al-Ḥarrānī
Taherti,Taherti
Ṭāhir b. Maḥfūẓ (beadle),Ṭāhir b. Maḥfūẓ (beadle)
Ṭahor b. Abraham,Ṭahor b. Avraham
Tamīm b. Joseph,Tamīm b. Yosef
Tamim he-Ḥaver b. Ṭoviyya,Tamim he-Ḥaver b. Ṭoviyya
Tanḥum b. Joseph ha-Yerušalmi,Tanḥum b. Yosef ha-Yerushalmi
Tanḥum b. Joseph Yerušalmi,Tanḥum b. Yosef Yerushalmi
Tanḥum Solomon,Tanḥum Shelomo
Ṭoviyya,Ṭoviyya
Ṭoviyya b. Daniel,Ṭoviyya b. Dani’el
Ṭoviyya b. Elʿazar,Ṭoviyya b. Elʿazar
Ṭoviyya b. Moses,Ṭoviyya b. Moshe
Ṭoviyya b. ʿEli,Ṭoviyya b. ʿEli
Ṭoviyya b. ʿEli ha-Kohen,Ṭoviyya b. ʿEli ha-Kohen
Ṭoviyya ha-Kohen b. Judah b. Ṭoviyyahu,Ṭoviyya ha-Kohen b. Yehuda b. Ṭoviyyahu
Ṭoviyya ha-Kohen b. ʿEli,Ṭoviyya ha-Kohen b. ʿEli
Ṭoviyyahu b. ʿEli ha-Kohen,Ṭoviyyahu b. ʿEli ha-Kohen
Ṭoviyyahu ha-Kohen b. ʿEli he-Ḥaver,Ṭoviyyahu ha-Kohen b. ʿEli he-Ḥaver
Umm Abū l-Munā,Umm Abū l-Munā
Umm al-Yaman,Umm al-Yaman
Umm Daʾūd,Umm Daʾūd
Umm Ismaʿīl,Umm Ismaʿīl
Umm Ḵalaf,Umm Khalaf
Umm Makīn,Umm Makīn
Umm Sālim,Umm Sālim
Umm Sitt al-Nās,Umm Sitt al-Nās
Wahb b. Barakāt,Wahb b. Barakāt
Yaḥyā (?) M[...],Yaḥyā (?) M[...]
Yaḥya b. Daʾūd (Ḥayyūj),Yaḥya b. Daʾūd (Ḥayyūj)
Yaḥyā b. Mūsā al-Majjānī,Yaḥyā b. Mūsā al-Majjānī
Yaḥyā b. Saʿāda,Yaḥyā b. Saʿāda
Yaḥyā b. Yaʿīš,Yaḥyā b. Yaʿīsh
Yaḥyā b. ʿAmmār,Yaḥyā b. ʿAmmār
Yaḥyā b. ʿEli Kohen Fāsī,Yaḥyā b. ʿEli Kohen Fāsī
Yannai,Yannai
Yaʿīš b. Sahl al-Nahrawānī the cantor,Yaʿīsh b. Sahl al-Nahrawānī the cantor
Yefet b. David,Yefet b. David
Yefet b. David b. Šeḵanya,Yefet b. David b. Shekhanya
Yefet b. Eli,Yefet b. Eli
Yefet b. Ḥalfon,Yefet b. Ḥalfon
Yefet b. Manasseh,Yefet b. Menashshe
Yefet b. Manasseh al-Qaṭāʾif,Yefet b. Menashshe al-Qaṭāʾif
Yefet b. Manasseh b. al-Qaṭāʾif,Yefet b. Menashshe b. al-Qaṭāʾif
Yefet b. Manasseh b. al-Qaṭāʾīf,Yefet b. Menashshe b. al-Qaṭāʾīf
Yefet b. Manasseh Ibn al-Qaṭā’if,Yefet b. Menashshe Ibn al-Qaṭā’if
Yefet b. Manasseh Ibn al-Qaṭāʾif,Yefet b. Menashshe Ibn al-Qaṭāʾif
Yefet b. Mawhūb b. Faraj,Yefet b. Mawhūb b. Faraj
Yefet b. Samuel,Yefet b. Shemuʾel
Yefet b. Šela,Yefet b. Shela
Yefet b. Solomon ha-Levi,Yefet b. Shelomo ha-Levi
Yefet b. ʿAmram al-Jāzfīnī,Yefet b. ʿAmram al-Jāzfīnī
"Yefet b. ʿAmram b. Moses, known as Ibn al-Jāzifīnī","Yefet b. ʿAmram b. Moshe, known as Ibn al-Jāzifīnī"
Yefet b. ʿEli,Yefet b. ʿEli
Yefet b. ʿEli the cantor Ibn al-Jāzfīnī,Yefet b. ʿEli the cantor Ibn al-Jāzfīnī
Yefet ha-Levi b. Ṭoviyya ha-Bavli (Ḥasan b. Ṭayyib al-Baḡdādī al-Nīlī),Yefet ha-Levi b. Ṭoviyya ha-Bavli (Ḥasan b. Ṭayyib al-Baghdādī al-Nīlī)
Yefet the poet,Yefet the poet
Yefet the teacher,Yefet the teacher
Yeḥiʾel b. Elyaqim,Yeḥiʾel b. Elyaqim
Yeḥiʾel b. Isaac,Yeḥiʾel b. Yiṣḥaq
Yeḥiʾel b. Isaac ha-Ṣarfati,Yeḥiʾel b. Yiṣḥaq ha-Ṣarfati
Yehiʾel the Frenchman (teacher),Yehiʾel the Frenchman (teacher)
Yeḥiʾel the judge b. Elyaqim,Yeḥiʾel the judge b. Elyaqim
Yehošuaʿ [...],Yehoshuaʿ [...]
Yehuday Gaʾon,Yehuday Gaʾon
Yešuʿa b. Abraham,Yeshuʿa b. Avraham
Yešuʿa b. Ismaʿīl,Yeshuʿa b. Ismaʿīl
Yešuʿa b. Ismāʿīl,Yeshuʿa b. Ismāʿīl
Yešuʿa b. Ismaʿīl al-Makmūrī,Yeshuʿa b. Ismaʿīl al-Makmūrī
Yešuʿa b. Ismaʿīl al-Maḵmūrī,Yeshuʿa b. Ismaʿīl al-Makhmūrī
Yešuʿa b. Jacob,Yeshuʿa b. Yaʿaqov
Yešuʿa b. Joseph,Yeshuʿa b. Yosef
Yešuʿa b. Judah,Yeshuʿa b. Yehuda
Yešuʿa b. Judah (Abū l-Faraj Furqān ibn Asad),Yeshuʿa b. Yehuda (Abū l-Faraj Furqān ibn Asad)
Yešuʿa b. Mevoraḵ (known as Ibn al-Qāš),Yeshuʿa b. Mevorakh (known as Ibn al-Qāsh)
Yešuʿa b. Mevoraḵ al-Iskandarānī,Yeshuʿa b. Mevorakh al-Iskandarānī
Yešuʿa b. Yaḵin,Yeshuʿa b. Yakhin
Yešuʿa ha-Kohen b. Abraham ha-Kohen (cantor),Yeshuʿa ha-Kohen b. Avraham ha-Kohen (cantor)
Yešuʿa ha-Kohen b. Jacob,Yeshuʿa ha-Kohen b. Yaʿaqov
Yešuʿa ha-Kohen b. Joseph the judge,Yeshuʿa ha-Kohen b. Yosef the judge
Yešuʿa ha-Kohen ha-Mumḥe b. Yaʿir he-Ḥaver,Yeshuʿa ha-Kohen ha-Mumḥe b. Yaʿir he-Ḥaver
Yešuʿa ha-Kohen ha-Qaṭan b. Joseph the judge,Yeshuʿa ha-Kohen ha-Qaṭan b. Yosef the judge
Yešuʿa ha-Mumḥe,Yeshuʿa ha-Mumḥe
Yešuʿa he-Ḥaver b. Ṣabḡa,Yeshuʿa he-Ḥaver b. Ṣabgha
Yešuʿa Qadub[...],Yeshuʿa Qadub[...]
Yešuʿa the teacher b. Abraham,Yeshuʿa the teacher b. Avraham
Yešuʿa גאון החכמים,Yeshuʿa גאון החכמים
Yiftaḥ ha-Kohen b. Yešuaʿ ha-Kohen,Yiftaḥ ha-Kohen b. Yeshuaʿ ha-Kohen
Yišay b. Solomon,Yishay b. Shelomo
Yoḥanan b. Solomon,Yoḥanan b. Shelomo
Yoḥanan ha-Kohen (payṭan),Yoḥanan ha-Kohen (payṭan)
Yose b. Yose,Yose b. Yose
Yūḥannā b. Mīḵāʾīl,Yūḥannā b. Mīkhāʾīl
Yūsuf b. Ismāʿīl,Yūsuf b. Ismāʿīl
Zakkar b. ʿAmmar,Zakkar b. ʿAmmar
Zakkay b. Moses,Zakkay b. Moshe
Zakkay b. Yedidyahu (Nasi),Zakkay b. Yedidyahu (Nasi)
Zayn al-Dīn,Zayn al-Dīn
Zechariah b. Barakʾel,Zekharya b. Barakʾel
Zechariah b. Ḥayyim,Zekharya b. Ḥayyim
Zechariah b. Jacob Ibn al-Šāma,Zekharya b. Yaʿaqov Ibn al-Shāma
Zechariah h[...],Zekharya h[...]
Zechariah ha-Levi he-Ḥaver b. Moses,Zekharya ha-Levi he-Ḥaver b. Moshe
Zikrī b. Ḥananel,Zikrī b. Ḥananel
ʿAbdalla b. Salām,ʿAbdalla b. Salām
ʿAbdallāh Yaftūḥ ibn Yūsuf al-Isrāʾilī al-Mutaṭabbib,ʿAbdallāh Yaftūḥ ibn Yūsuf al-Isrāʾilī al-Mutaṭabbib
ʿAbdīshūʿ Ibn Bahrīz,ʿAbdīshūʿ Ibn Bahrīz
ʿAbdulla,ʿAbdulla
ʿAlī Ibn Sulaymān,ʿAlī Ibn Sulaymān
ʿAlī ibn ʿAbbās Al-Majūsī,ʿAlī ibn ʿAbbās Al-Majūsī
ʿAlī ibn ʿIsa,ʿAlī ibn ʿIsa
ʿAlī ibn ʿĪsā,ʿAlī ibn ʿĪsā
ʿAlī ibn ʿĪsā’,ʿAlī ibn ʿĪsā’
ʿAllān b. Ḥassūn,ʿAllān b. Ḥassūn
ʿAlluš the beadle,ʿAllush the beadle
ʿAlvan b. Abraham,ʿAlvan b. Avraham
ʿAmram,ʿAmram
ʿAmram b. Isaac,ʿAmram b. Yiṣḥaq
ʿAmram b. Joseph,ʿAmram b. Yosef
ʿAmram b. Nathan,ʿAmram b. Natan
ʿAmram ha-Kohen b. Aaron,ʿAmram ha-Kohen b. Aharon
ʿAmram the judge b. Moses,ʿAmram the judge b. Moshe
ʿAnan b. David,ʿAnan b. David
ʿArūs b. Joseph,ʿArūs b. Yosef
ʿAṭā b. ʿAmmār b. Mevasser,ʿAṭā b. ʿAmmār b. Mevasser
ʿAwāḍ b. Ḥananel,ʿAwāḍ b. Ḥananel
ʿAyyāš b. Judah,ʿAyyāsh b. Yehuda
ʿAyyāš b. Ṣedaqa,ʿAyyāsh b. Ṣedaqa
ʿAzariah b. Solomon b. Josiah,ʿAzarya b. Shelomo b. Yoshiyyahu
ʿAzariah b. Yehalelel b. ʿAzariah b. David (Nasi),ʿAzarya b. Yehalelel b. ʿAzarya b. David (Nasi)
ʿAzariah Ṣevi,ʿAzarya Ṣevi
ʿEli b. Amram,ʿEli b. ʿAmram
ʿEli b. Hillel b. ʿEli,ʿEli b. Hillel b. ʿEli
ʿEli b. Joseph,ʿEli b. Yosef
ʿEli b. Nathan the doctor,ʿEli b. Natan the doctor
ʿEli b. ʿAmram,ʿEli b. ʿAmram
ʿEli ha-Kohen b. Ezekiel,ʿEli ha-Kohen b. Yeḥezqel
ʿEli ha-Kohen b. Ezekiel the cantor b. Solomon,ʿEli ha-Kohen b. Yeḥezqel the cantor b. Shelomo
ʿEli ha-Mumḥe b. Abraham,ʿEli ha-Mumḥe b. Avraham
ʿEli he-Ḥaver b. ʿAmram,ʿEli he-Ḥaver b. ʿAmram
ʿEli Sanbakro,ʿEli Sanbakro
ʿEzer פוליתנו,ʿEzer פוליתנו